symbol,date,price
ABBV,2022/01/31,136.89
ACN,2022/01/31,353.58
AEP,2022/01/31,89.618
AIZ,2022/01/31,151.876
ALLE,2022/01/31,122.28
AMAT,2022/01/31,137.931
AMP,2022/01/31,303.233
AMZN,2022/01/31,2991.47
AVB,2022/01/31,244.23
AVY,2022/01/31,204.627
AXP,2022/01/31,179.82
BDX,2022/01/31,253.306
BF-B,2022/01/31,67.248
BMY,2022/01/31,64.89
BR,2022/01/31,158.515
CARR,2022/01/31,47.68
CDW,2022/01/31,188.491
CE,2022/01/31,155.018
CHTR,2022/01/31,593.34
CNC,2022/01/31,77.76
CNP,2022/01/31,28.181
COP,2022/01/31,88.176
CTAS,2022/01/31,390.54
CZR,2022/01/31,76.14
DG,2022/01/31,208.48
DPZ,2022/01/31,453.356
DRE,2022/01/31,57.483
DXC,2022/01/31,30.08
EWA,2022/01/31,22.84
EWC,2022/01/31,38.19
EWG,2022/01/31,32.01
EWH,2022/01/31,23.71
EWJ,2022/01/31,64.08
EWL,2022/01/31,49.33
EWQ,2022/01/31,37.89
EWT,2022/01/31,64.89
EWU,2022/01/31,33.89
EWY,2022/01/31,72.39
EWZ,2022/01/31,31.62
FB,2022/01/31,313.26
FTV,2022/01/31,70.461
GOOG,2022/01/31,2713.97
GPC,2022/01/31,132.276
GSG,2022/01/31,19.12
HIG,2022/01/31,71.479
HIGH.L,2022/01/31,5.419
HST,2022/01/31,17.34
HYG,2022/01/31,84.084
IAU,2022/01/31,34.22
ICLN,2022/01/31,18.75
IEAA.L,2022/01/31,5.26
IEF,2022/01/31,112.361
IEFM.L,2022/01/31,768.5
IEMG,2022/01/31,59.58
IEUS,2022/01/31,64.89
IEVL.L,2022/01/31,7.518
IGF,2022/01/31,47.24
INDA,2022/01/31,45.87
IUMO.L,2022/01/31,11.15
IUVL.L,2022/01/31,9.168
IVV,2022/01/31,450.274
IWM,2022/01/31,200.846
IXN,2022/01/31,59.54
JPEA.L,2022/01/31,5.76
JPM,2022/01/31,148.6
KR,2022/01/31,43.392
LQD,2022/01/31,127.257
MCHI,2022/01/31,62.6
MVEU.L,2022/01/31,53.73
OGN,2022/01/31,31.662
PG,2022/01/31,160.45
PPL,2022/01/31,29.454
PRU,2022/01/31,110.453
PYPL,2022/01/31,171.94
RE,2022/01/31,281.785
REET,2022/01/31,28.506
ROL,2022/01/31,30.749
ROST,2022/01/31,97.405
SEGA.L,2022/01/31,107.707
SHY,2022/01/31,84.901
SLV,2022/01/31,20.8
SPMV.L,2022/01/31,79.22
TLT,2022/01/31,142.004
UNH,2022/01/31,471.176
URI,2022/01/31,320.12
V,2022/01/31,225.803
VRSK,2022/01/31,195.796
VXX,2022/01/31,21.41
WRK,2022/01/31,45.916
XLB,2022/01/31,84.134
XLC,2022/01/31,73.763
XLE,2022/01/31,65.296
XLF,2022/01/31,38.908
XLI,2022/01/31,100.406
XLK,2022/01/31,161.672
XLP,2022/01/31,75.627
XLU,2022/01/31,68.791
XLV,2022/01/31,130.822
XLY,2022/01/31,184.666
XOM,2022/01/31,75.127
ABBV,2022/02/01,137
ACN,2022/02/01,353.42
AEP,2022/02/01,87.586
AIZ,2022/02/01,150.621
ALLE,2022/02/01,119.56
AMAT,2022/02/01,138.36
AMP,2022/02/01,307.009
AMZN,2022/02/01,3023.87
AVB,2022/02/01,244.48
AVY,2022/02/01,205.594
AXP,2022/02/01,183.54
BDX,2022/02/01,252.399
BF-B,2022/02/01,67.308
BMY,2022/02/01,65.19
BR,2022/02/01,152.651
CARR,2022/02/01,47.05
CDW,2022/02/01,188.84
CE,2022/02/01,156.929
CHTR,2022/02/01,596.89
CNC,2022/02/01,76.95
CNP,2022/02/01,27.902
COP,2022/02/01,91.082
CTAS,2022/02/01,386.34
CZR,2022/02/01,80.8
DG,2022/02/01,209.12
DPZ,2022/02/01,456.995
DRE,2022/02/01,56.916
DXC,2022/02/01,30.79
EWA,2022/02/01,23.14
EWC,2022/02/01,38.68
EWG,2022/02/01,32.28
EWH,2022/02/01,23.84
EWJ,2022/02/01,64.1
EWL,2022/02/01,50.02
EWQ,2022/02/01,38.42
EWT,2022/02/01,65.14
EWU,2022/02/01,34.28
EWY,2022/02/01,72.98
EWZ,2022/02/01,32.16
FB,2022/02/01,319
FTV,2022/02/01,70.551
GOOG,2022/02/01,2757.57
GPC,2022/02/01,133.318
GSG,2022/02/01,19.26
HIG,2022/02/01,71.728
HIGH.L,2022/02/01,5.447
HST,2022/02/01,17.37
HYG,2022/02/01,84.419
IAU,2022/02/01,34.27
ICLN,2022/02/01,18.72
IEAA.L,2022/02/01,5.266
IEF,2022/02/01,112.209
IEFM.L,2022/02/01,780.8
IEMG,2022/02/01,59.92
IEUS,2022/02/01,65.64
IEVL.L,2022/02/01,7.599
IGF,2022/02/01,47.51
INDA,2022/02/01,45.89
IUMO.L,2022/02/01,11.362
IUVL.L,2022/02/01,9.265
IVV,2022/02/01,453.384
IWM,2022/02/01,202.961
IXN,2022/02/01,59.72
JPEA.L,2022/02/01,5.764
JPM,2022/02/01,151.15
KR,2022/02/01,43.93
LQD,2022/02/01,127.468
MCHI,2022/02/01,62.99
MVEU.L,2022/02/01,54.08
OGN,2022/02/01,32.734
PG,2022/02/01,159.74
PPL,2022/02/01,29.295
PRU,2022/02/01,112.532
PYPL,2022/02/01,175.8
RE,2022/02/01,282.909
REET,2022/02/01,28.386
ROL,2022/02/01,30.928
ROST,2022/02/01,98.192
SEGA.L,2022/02/01,107.17
SHY,2022/02/01,84.894
SLV,2022/02/01,20.94
SPMV.L,2022/02/01,79.605
TLT,2022/02/01,141.533
UNH,2022/02/01,467.028
URI,2022/02/01,330.01
V,2022/02/01,231.983
VRSK,2022/02/01,196.235
VXX,2022/02/01,19.84
WRK,2022/02/01,46.076
XLB,2022/02/01,85.429
XLC,2022/02/01,74.401
XLE,2022/02/01,67.623
XLF,2022/02/01,39.446
XLI,2022/02/01,101.792
XLK,2022/02/01,162.091
XLP,2022/02/01,75.557
XLU,2022/02/01,67.877
XLV,2022/02/01,131.17
XLY,2022/02/01,185.785
XOM,2022/02/01,79.944
ABBV,2022/02/02,138.62
ACN,2022/02/02,359.47
AEP,2022/02/02,89.103
AIZ,2022/02/02,152.354
ALLE,2022/02/02,119.74
AMAT,2022/02/02,140.507
AMP,2022/02/02,312.101
AMZN,2022/02/02,3012.25
AVB,2022/02/02,251.63
AVY,2022/02/02,199.925
AXP,2022/02/02,184.16
BDX,2022/02/02,255.828
BF-B,2022/02/02,68.196
BMY,2022/02/02,64.8
BR,2022/02/02,153.617
CARR,2022/02/02,47.51
CDW,2022/02/02,194.025
CE,2022/02/02,158.144
CHTR,2022/02/02,600.24
CNC,2022/02/02,78.82
CNP,2022/02/02,28.141
COP,2022/02/02,91.748
CTAS,2022/02/02,390.46
CZR,2022/02/02,77.5
DG,2022/02/02,206.69
DPZ,2022/02/02,450.653
DRE,2022/02/02,58.558
DXC,2022/02/02,30.69
EWA,2022/02/02,23.28
EWC,2022/02/02,38.84
EWG,2022/02/02,32.36
EWH,2022/02/02,23.86
EWJ,2022/02/02,65.08
EWL,2022/02/02,50.03
EWQ,2022/02/02,38.58
EWT,2022/02/02,65.39
EWU,2022/02/02,34.59
EWY,2022/02/02,73.5
EWZ,2022/02/02,31.94
FB,2022/02/02,323
FTV,2022/02/02,71.54
GOOG,2022/02/02,2960.73
GPC,2022/02/02,134.271
GSG,2022/02/02,19.32
HIG,2022/02/02,72.722
HIGH.L,2022/02/02,5.449
HST,2022/02/02,17.18
HYG,2022/02/02,84.548
IAU,2022/02/02,34.38
ICLN,2022/02/02,18.64
IEAA.L,2022/02/02,5.26
IEF,2022/02/02,112.439
IEFM.L,2022/02/02,789.8
IEMG,2022/02/02,59.86
IEUS,2022/02/02,66.28
IEVL.L,2022/02/02,7.614
IGF,2022/02/02,47.85
INDA,2022/02/02,46.16
IUMO.L,2022/02/02,11.445
IUVL.L,2022/02/02,9.298
IVV,2022/02/02,457.74
IWM,2022/02/02,200.945
IXN,2022/02/02,60.16
JPEA.L,2022/02/02,5.805
JPM,2022/02/02,149.94
KR,2022/02/02,43.9
LQD,2022/02/02,127.478
MCHI,2022/02/02,62.45
MVEU.L,2022/02/02,54.36
OGN,2022/02/02,33.071
PG,2022/02/02,162.6
PPL,2022/02/02,29.484
PRU,2022/02/02,113.651
PYPL,2022/02/02,132.57
RE,2022/02/02,288.556
REET,2022/02/02,28.695
ROL,2022/02/02,31.356
ROST,2022/02/02,96.986
SEGA.L,2022/02/02,107.32
SHY,2022/02/02,84.914
SLV,2022/02/02,20.93
SPMV.L,2022/02/02,80.78
TLT,2022/02/02,142.012
UNH,2022/02/02,478.364
URI,2022/02/02,326.22
V,2022/02/02,235.038
VRSK,2022/02/02,199.769
VXX,2022/02/02,19.42
WRK,2022/02/02,45.618
XLB,2022/02/02,85.698
XLC,2022/02/02,75.887
XLE,2022/02/02,67.841
XLF,2022/02/02,39.715
XLI,2022/02/02,102.5
XLK,2022/02/02,163.408
XLP,2022/02/02,76.463
XLU,2022/02/02,68.88
XLV,2022/02/02,132.935
XLY,2022/02/02,184.676
XOM,2022/02/02,79.736
ABBV,2022/02/03,140.73
ACN,2022/02/03,345.55
AEP,2022/02/03,89.41
AIZ,2022/02/03,151.169
ALLE,2022/02/03,115.685
AMAT,2022/02/03,136.264
AMP,2022/02/03,303.173
AMZN,2022/02/03,2776.91
AVB,2022/02/03,250.21
AVY,2022/02/03,192.385
AXP,2022/02/03,184.04
BDX,2022/02/03,269.692
BF-B,2022/02/03,67.857
BMY,2022/02/03,64.07
BR,2022/02/03,147.733
CARR,2022/02/03,46.24
CDW,2022/02/03,192.399
CE,2022/02/03,159.159
CHTR,2022/02/03,610.45
CNC,2022/02/03,81.53
CNP,2022/02/03,27.972
COP,2022/02/03,90.415
CTAS,2022/02/03,384.106
CZR,2022/02/03,76.36
DG,2022/02/03,205.37
DPZ,2022/02/03,442.526
DRE,2022/02/03,58.498
DXC,2022/02/03,34.91
EWA,2022/02/03,23.02
EWC,2022/02/03,38.18
EWG,2022/02/03,32.07
EWH,2022/02/03,23.75
EWJ,2022/02/03,63.72
EWL,2022/02/03,48.98
EWQ,2022/02/03,38.12
EWT,2022/02/03,64.59
EWU,2022/02/03,34.24
EWY,2022/02/03,71.98
EWZ,2022/02/03,31.69
FB,2022/02/03,237.76
FTV,2022/02/03,65.976
GOOG,2022/02/03,2853.01
GPC,2022/02/03,131.809
GSG,2022/02/03,19.4
HIG,2022/02/03,71.797
HIGH.L,2022/02/03,5.413
HST,2022/02/03,17.08
HYG,2022/02/03,83.791
IAU,2022/02/03,34.36
ICLN,2022/02/03,18.17
IEAA.L,2022/02/03,5.216
IEF,2022/02/03,111.959
IEFM.L,2022/02/03,778.95
IEMG,2022/02/03,59.22
IEUS,2022/02/03,65.12
IEVL.L,2022/02/03,7.552
IGF,2022/02/03,47.63
INDA,2022/02/03,45.53
IUMO.L,2022/02/03,11.405
IUVL.L,2022/02/03,9.35
IVV,2022/02/03,447.115
IWM,2022/02/03,197.143
IXN,2022/02/03,58.36
JPEA.L,2022/02/03,5.769
JPM,2022/02/03,148.7
KR,2022/02/03,44.905
LQD,2022/02/03,126.45
MCHI,2022/02/03,62.03
MVEU.L,2022/02/03,53.36
OGN,2022/02/03,32.664
PG,2022/02/03,164.14
PPL,2022/02/03,29.454
PRU,2022/02/03,112.255
PYPL,2022/02/03,124.3
RE,2022/02/03,283.615
REET,2022/02/03,28.366
ROL,2022/02/03,30.619
ROST,2022/02/03,94.047
SEGA.L,2022/02/03,107.08
SHY,2022/02/03,84.844
SLV,2022/02/03,20.71
SPMV.L,2022/02/03,80.675
TLT,2022/02/03,140.904
UNH,2022/02/03,487.328
URI,2022/02/03,324.43
V,2022/02/03,231.164
VRSK,2022/02/03,196.605
VXX,2022/02/03,21.78
WRK,2022/02/03,45.887
XLB,2022/02/03,84.203
XLC,2022/02/03,70.81
XLE,2022/02/03,67.197
XLF,2022/02/03,39.276
XLI,2022/02/03,100.865
XLK,2022/02/03,158.667
XLP,2022/02/03,76.483
XLU,2022/02/03,68.572
XLV,2022/02/03,132.367
XLY,2022/02/03,179.025
XOM,2022/02/03,78.806
ABBV,2022/02/04,140.65
ACN,2022/02/04,347.5
AEP,2022/02/04,88.399
AIZ,2022/02/04,152.433
ALLE,2022/02/04,118.813
AMAT,2022/02/04,135.326
AMP,2022/02/04,307.009
AMZN,2022/02/04,3152.79
AVB,2022/02/04,247.3
AVY,2022/02/04,188.579
AXP,2022/02/04,185.85
BDX,2022/02/04,267.968
BF-B,2022/02/04,66.969
BMY,2022/02/04,64.99
BR,2022/02/04,149.217
CARR,2022/02/04,45.84
CDW,2022/02/04,191.731
CE,2022/02/04,155.814
CHTR,2022/02/04,608.92
CNC,2022/02/04,80.57
CNP,2022/02/04,27.714
COP,2022/02/04,91.41
CTAS,2022/02/04,380.844
CZR,2022/02/04,78.83
DG,2022/02/04,202.36
DPZ,2022/02/04,436.823
DRE,2022/02/04,57.384
DXC,2022/02/04,36.03
EWA,2022/02/04,23.11
EWC,2022/02/04,38.39
EWG,2022/02/04,31.98
EWH,2022/02/04,24.07
EWJ,2022/02/04,64.22
EWL,2022/02/04,48.87
EWQ,2022/02/04,38.22
EWT,2022/02/04,64.48
EWU,2022/02/04,34.15
EWY,2022/02/04,72.72
EWZ,2022/02/04,31.68
FB,2022/02/04,237.09
FTV,2022/02/04,64.318
GOOG,2022/02/04,2860.32
GPC,2022/02/04,128.89
GSG,2022/02/04,19.67
HIG,2022/02/04,70.136
HIGH.L,2022/02/04,5.365
HST,2022/02/04,17.46
HYG,2022/02/04,83.462
IAU,2022/02/04,34.39
ICLN,2022/02/04,18.34
IEAA.L,2022/02/04,5.173
IEF,2022/02/04,111.1
IEFM.L,2022/02/04,772.6
IEMG,2022/02/04,59.4
IEUS,2022/02/04,64.75
IEVL.L,2022/02/04,7.468
IGF,2022/02/04,47.47
INDA,2022/02/04,45.38
IUMO.L,2022/02/04,11.305
IUVL.L,2022/02/04,9.162
IVV,2022/02/04,449.357
IWM,2022/02/04,197.991
IXN,2022/02/04,58.64
JPEA.L,2022/02/04,5.735
JPM,2022/02/04,152.56
KR,2022/02/04,44.567
LQD,2022/02/04,125.193
MCHI,2022/02/04,62.4
MVEU.L,2022/02/04,52.64
OGN,2022/02/04,32.863
PG,2022/02/04,161.53
PPL,2022/02/04,29.186
PRU,2022/02/04,117.155
PYPL,2022/02/04,126.08
RE,2022/02/04,284.36
REET,2022/02/04,28.137
ROL,2022/02/04,30.35
ROST,2022/02/04,93.827
SEGA.L,2022/02/04,107.34
SHY,2022/02/04,84.674
SLV,2022/02/04,20.79
SPMV.L,2022/02/04,80.02
TLT,2022/02/04,138.826
UNH,2022/02/04,481.744
URI,2022/02/04,312.29
V,2022/02/04,228.019
VRSK,2022/02/04,197.413
VXX,2022/02/04,21
WRK,2022/02/04,45.131
XLB,2022/02/04,82.809
XLC,2022/02/04,70.99
XLE,2022/02/04,68.247
XLF,2022/02/04,39.944
XLI,2022/02/04,99.778
XLK,2022/02/04,159.306
XLP,2022/02/04,75.547
XLU,2022/02/04,68.026
XLV,2022/02/04,131.888
XLY,2022/02/04,184.117
XOM,2022/02/04,80.517
ABBV,2022/02/07,142.53
ACN,2022/02/07,343.96
AEP,2022/02/07,89.033
AIZ,2022/02/07,152.105
ALLE,2022/02/07,120.019
AMAT,2022/02/07,135.885
AMP,2022/02/07,310.806
AMZN,2022/02/07,3158.71
AVB,2022/02/07,244.37
AVY,2022/02/07,180.77
AXP,2022/02/07,187.87
BDX,2022/02/07,268.386
BF-B,2022/02/07,66.999
BMY,2022/02/07,66.19
BR,2022/02/07,147.216
CARR,2022/02/07,45.72
CDW,2022/02/07,190.744
CE,2022/02/07,154.41
CHTR,2022/02/07,610.75
CNC,2022/02/07,80.79
CNP,2022/02/07,27.902
COP,2022/02/07,92.475
CTAS,2022/02/07,378.909
CZR,2022/02/07,80.75
DG,2022/02/07,200.59
DPZ,2022/02/07,433.123
DRE,2022/02/07,57.016
DXC,2022/02/07,37.33
EWA,2022/02/07,23.3
EWC,2022/02/07,38.56
EWG,2022/02/07,31.98
EWH,2022/02/07,24.13
EWJ,2022/02/07,64.26
EWL,2022/02/07,48.87
EWQ,2022/02/07,38.27
EWT,2022/02/07,64.76
EWU,2022/02/07,34.34
EWY,2022/02/07,72.96
EWZ,2022/02/07,32.05
FB,2022/02/07,224.91
FTV,2022/02/07,63.808
GOOG,2022/02/07,2778.76
GPC,2022/02/07,127.291
GSG,2022/02/07,19.63
HIG,2022/02/07,69.848
HIGH.L,2022/02/07,5.332
HST,2022/02/07,17.84
HYG,2022/02/07,83.402
IAU,2022/02/07,34.66
ICLN,2022/02/07,18.23
IEAA.L,2022/02/07,5.154
IEF,2022/02/07,111.13
IEFM.L,2022/02/07,778.9
IEMG,2022/02/07,59.35
IEUS,2022/02/07,64.29
IEVL.L,2022/02/07,7.509
IGF,2022/02/07,47.45
INDA,2022/02/07,44.93
IUMO.L,2022/02/07,11.44
IUVL.L,2022/02/07,9.232
IVV,2022/02/07,447.763
IWM,2022/02/07,198.969
IXN,2022/02/07,58.21
JPEA.L,2022/02/07,5.728
JPM,2022/02/07,153.07
KR,2022/02/07,44.467
LQD,2022/02/07,125.422
MCHI,2022/02/07,61.97
MVEU.L,2022/02/07,52.76
OGN,2022/02/07,33.26
PG,2022/02/07,160.32
PPL,2022/02/07,29.067
PRU,2022/02/07,118.076
PYPL,2022/02/07,121.41
RE,2022/02/07,285.126
REET,2022/02/07,28.008
ROL,2022/02/07,30.39
ROST,2022/02/07,93.02
SEGA.L,2022/02/07,106.85
SHY,2022/02/07,84.694
SLV,2022/02/07,21.27
SPMV.L,2022/02/07,80.11
TLT,2022/02/07,138.916
UNH,2022/02/07,482.273
URI,2022/02/07,315.78
V,2022/02/07,226.791
VRSK,2022/02/07,196.694
VXX,2022/02/07,20.42
WRK,2022/02/07,45.051
XLB,2022/02/07,82.4
XLC,2022/02/07,69.753
XLE,2022/02/07,69.119
XLF,2022/02/07,40.063
XLI,2022/02/07,99.858
XLK,2022/02/07,158.248
XLP,2022/02/07,75.687
XLU,2022/02/07,67.927
XLV,2022/02/07,131.659
XLY,2022/02/07,183.738
XOM,2022/02/07,81.487
ABBV,2022/02/08,143.51
ACN,2022/02/08,345.07
AEP,2022/02/08,89.42
AIZ,2022/02/08,155.391
ALLE,2022/02/08,121.274
AMAT,2022/02/08,138.5
AMP,2022/02/08,314.204
AMZN,2022/02/08,3228.27
AVB,2022/02/08,240.49
AVY,2022/02/08,183.629
AXP,2022/02/08,194
BDX,2022/02/08,275.583
BF-B,2022/02/08,67.278
BMY,2022/02/08,65.89
BR,2022/02/08,148.141
CARR,2022/02/08,46.06
CDW,2022/02/08,194.184
CE,2022/02/08,157.576
CHTR,2022/02/08,609.12
CNC,2022/02/08,85.67
CNP,2022/02/08,28.012
COP,2022/02/08,90.873
CTAS,2022/02/08,382.58
CZR,2022/02/08,82.36
DG,2022/02/08,202.77
DPZ,2022/02/08,437.481
DRE,2022/02/08,56.797
DXC,2022/02/08,38.82
EWA,2022/02/08,23.74
EWC,2022/02/08,38.76
EWG,2022/02/08,32.1
EWH,2022/02/08,24.34
EWJ,2022/02/08,64.63
EWL,2022/02/08,48.85
EWQ,2022/02/08,38.45
EWT,2022/02/08,65.42
EWU,2022/02/08,34.49
EWY,2022/02/08,73.18
EWZ,2022/02/08,32.11
FB,2022/02/08,220.18
FTV,2022/02/08,65.497
GOOG,2022/02/08,2784.26
GPC,2022/02/08,129.188
GSG,2022/02/08,19.41
HIG,2022/02/08,72.364
HIGH.L,2022/02/08,5.352
HST,2022/02/08,18.17
HYG,2022/02/08,83.313
IAU,2022/02/08,34.73
ICLN,2022/02/08,18.27
IEAA.L,2022/02/08,5.158
IEF,2022/02/08,110.77
IEFM.L,2022/02/08,771.2
IEMG,2022/02/08,59.86
IEUS,2022/02/08,64.33
IEVL.L,2022/02/08,7.569
IGF,2022/02/08,47.78
INDA,2022/02/08,45.09
IUMO.L,2022/02/08,11.415
IUVL.L,2022/02/08,9.252
IVV,2022/02/08,451.321
IWM,2022/02/08,202.363
IXN,2022/02/08,58.95
JPEA.L,2022/02/08,5.695
JPM,2022/02/08,155.95
KR,2022/02/08,45.294
LQD,2022/02/08,124.954
MCHI,2022/02/08,62.66
MVEU.L,2022/02/08,52.68
OGN,2022/02/08,33.488
PG,2022/02/08,159.96
PPL,2022/02/08,29.305
PRU,2022/02/08,120.115
PYPL,2022/02/08,120.26
RE,2022/02/08,288.715
REET,2022/02/08,27.888
ROL,2022/02/08,30.31
ROST,2022/02/08,95.143
SEGA.L,2022/02/08,106.03
SHY,2022/02/08,84.605
SLV,2022/02/08,21.45
SPMV.L,2022/02/08,80.16
TLT,2022/02/08,137.988
UNH,2022/02/08,491.954
URI,2022/02/08,323.39
V,2022/02/08,227.57
VRSK,2022/02/08,197.852
VXX,2022/02/08,19.5
WRK,2022/02/08,46.872
XLB,2022/02/08,83.675
XLC,2022/02/08,69.723
XLE,2022/02/08,67.633
XLF,2022/02/08,40.621
XLI,2022/02/08,100.855
XLK,2022/02/08,160.204
XLP,2022/02/08,75.976
XLU,2022/02/08,67.976
XLV,2022/02/08,132.736
XLY,2022/02/08,186.324
XOM,2022/02/08,79.38
ABBV,2022/02/09,143.2
ACN,2022/02/09,355.53
AEP,2022/02/09,89.38
AIZ,2022/02/09,165.867
ALLE,2022/02/09,124.722
AMAT,2022/02/09,143.94
AMP,2022/02/09,318.03
AMZN,2022/02/09,3223.79
AVB,2022/02/09,248.75
AVY,2022/02/09,188.101
AXP,2022/02/09,196.4
BDX,2022/02/09,276.33
BF-B,2022/02/09,67.777
BMY,2022/02/09,67.14
BR,2022/02/09,150.192
CARR,2022/02/09,47.98
CDW,2022/02/09,189.398
CE,2022/02/09,159.886
CHTR,2022/02/09,614.75
CNC,2022/02/09,85.95
CNP,2022/02/09,28.071
COP,2022/02/09,92.485
CTAS,2022/02/09,390.579
CZR,2022/02/09,86.87
DG,2022/02/09,205.79
DPZ,2022/02/09,443.494
DRE,2022/02/09,58.24
DXC,2022/02/09,38.63
EWA,2022/02/09,24.12
EWC,2022/02/09,39.28
EWG,2022/02/09,32.62
EWH,2022/02/09,24.57
EWJ,2022/02/09,65.52
EWL,2022/02/09,49.72
EWQ,2022/02/09,39.12
EWT,2022/02/09,66.25
EWU,2022/02/09,34.76
EWY,2022/02/09,74.5
EWZ,2022/02/09,32.22
FB,2022/02/09,232
FTV,2022/02/09,66.406
GOOG,2022/02/09,2829.06
GPC,2022/02/09,131.154
GSG,2022/02/09,19.63
HIG,2022/02/09,72.623
HIGH.L,2022/02/09,5.378
HST,2022/02/09,18.45
HYG,2022/02/09,83.751
IAU,2022/02/09,34.87
ICLN,2022/02/09,18.93
IEAA.L,2022/02/09,5.173
IEF,2022/02/09,110.92
IEFM.L,2022/02/09,791.45
IEMG,2022/02/09,60.78
IEUS,2022/02/09,65.95
IEVL.L,2022/02/09,7.688
IGF,2022/02/09,48.47
INDA,2022/02/09,45.68
IUMO.L,2022/02/09,11.678
IUVL.L,2022/02/09,9.408
IVV,2022/02/09,457.979
IWM,2022/02/09,206.205
IXN,2022/02/09,60.23
JPEA.L,2022/02/09,5.734
JPM,2022/02/09,156.6
KR,2022/02/09,44.945
LQD,2022/02/09,125.373
MCHI,2022/02/09,64.04
MVEU.L,2022/02/09,53.25
OGN,2022/02/09,34.321
PG,2022/02/09,159.6
PPL,2022/02/09,29.305
PRU,2022/02/09,119.977
PYPL,2022/02/09,122.94
RE,2022/02/09,287.472
REET,2022/02/09,28.466
ROL,2022/02/09,31.35
ROST,2022/02/09,97.076
SEGA.L,2022/02/09,106.4
SHY,2022/02/09,84.595
SLV,2022/02/09,21.53
SPMV.L,2022/02/09,81.13
TLT,2022/02/09,138.247
UNH,2022/02/09,496.63
URI,2022/02/09,334.19
V,2022/02/09,230.495
VRSK,2022/02/09,198.721
VXX,2022/02/09,18.71
WRK,2022/02/09,47.15
XLB,2022/02/09,85.498
XLC,2022/02/09,71.688
XLE,2022/02/09,68.198
XLF,2022/02/09,40.88
XLI,2022/02/09,102.24
XLK,2022/02/09,163.758
XLP,2022/02/09,75.995
XLU,2022/02/09,68.274
XLV,2022/02/09,133.762
XLY,2022/02/09,188.79
XOM,2022/02/09,79
ABBV,2022/02/10,142.71
ACN,2022/02/10,342.39
AEP,2022/02/10,87.39
AIZ,2022/02/10,161.894
ALLE,2022/02/10,120.248
AMAT,2022/02/10,139.518
AMP,2022/02/10,315.9
AMZN,2022/02/10,3180.07
AVB,2022/02/10,242
AVY,2022/02/10,186.019
AXP,2022/02/10,195.51
BDX,2022/02/10,271.048
BF-B,2022/02/10,67.099
BMY,2022/02/10,66.51
BR,2022/02/10,145.802
CARR,2022/02/10,47.15
CDW,2022/02/10,182.828
CE,2022/02/10,159.308
CHTR,2022/02/10,606.52
CNC,2022/02/10,84.15
CNP,2022/02/10,27.445
COP,2022/02/10,91.45
CTAS,2022/02/10,380.684
CZR,2022/02/10,86.49
DG,2022/02/10,202.1
DPZ,2022/02/10,437.331
DRE,2022/02/10,55.663
DXC,2022/02/10,37.81
EWA,2022/02/10,23.9
EWC,2022/02/10,38.92
EWG,2022/02/10,32.25
EWH,2022/02/10,24.47
EWJ,2022/02/10,64.48
EWL,2022/02/10,48.99
EWQ,2022/02/10,38.53
EWT,2022/02/10,65.95
EWU,2022/02/10,34.62
EWY,2022/02/10,73.64
EWZ,2022/02/10,32.43
FB,2022/02/10,228.07
FTV,2022/02/10,65.686
GOOG,2022/02/10,2772.05
GPC,2022/02/10,126.477
GSG,2022/02/10,19.5
HIG,2022/02/10,72.563
HIGH.L,2022/02/10,5.366
HST,2022/02/10,18.54
HYG,2022/02/10,82.645
IAU,2022/02/10,34.73
ICLN,2022/02/10,18.45
IEAA.L,2022/02/10,5.153
IEF,2022/02/10,109.901
IEFM.L,2022/02/10,786.6
IEMG,2022/02/10,60.35
IEUS,2022/02/10,65.04
IEVL.L,2022/02/10,7.706
IGF,2022/02/10,47.96
INDA,2022/02/10,45.06
IUMO.L,2022/02/10,11.745
IUVL.L,2022/02/10,9.432
IVV,2022/02/10,449.886
IWM,2022/02/10,203.041
IXN,2022/02/10,58.73
JPEA.L,2022/02/10,5.699
JPM,2022/02/10,155.95
KR,2022/02/10,44.965
LQD,2022/02/10,123.666
MCHI,2022/02/10,63.5
MVEU.L,2022/02/10,53.025
OGN,2022/02/10,34.182
PG,2022/02/10,157.17
PPL,2022/02/10,28.581
PRU,2022/02/10,120.165
PYPL,2022/02/10,119.02
RE,2022/02/10,289.779
REET,2022/02/10,28.038
ROL,2022/02/10,30.93
ROST,2022/02/10,96.229
SEGA.L,2022/02/10,105.9
SHY,2022/02/10,84.165
SLV,2022/02/10,21.42
SPMV.L,2022/02/10,80.33
TLT,2022/02/10,136.05
UNH,2022/02/10,485.284
URI,2022/02/10,325.68
V,2022/02/10,225.59
VRSK,2022/02/10,194.358
VXX,2022/02/10,20.46
WRK,2022/02/10,46.67
XLB,2022/02/10,85
XLC,2022/02/10,70.661
XLE,2022/02/10,67.772
XLF,2022/02/10,40.522
XLI,2022/02/10,100.566
XLK,2022/02/10,159.476
XLP,2022/02/10,75.179
XLU,2022/02/10,66.546
XLV,2022/02/10,131.669
XLY,2022/02/10,185.535
XOM,2022/02/10,78.24
ABBV,2022/02/11,142.01
ACN,2022/02/11,329.18
AEP,2022/02/11,87.65
AIZ,2022/02/11,161.256
ALLE,2022/02/11,118.435
AMAT,2022/02/11,132.252
AMP,2022/02/11,304
AMZN,2022/02/11,3065.87
AVB,2022/02/11,240.67
AVY,2022/02/11,182.782
AXP,2022/02/11,191.81
BDX,2022/02/11,269.094
BF-B,2022/02/11,67.009
BMY,2022/02/11,66.88
BR,2022/02/11,143.98
CARR,2022/02/11,45.5
CDW,2022/02/11,178.222
CE,2022/02/11,154.878
CHTR,2022/02/11,604.73
CNC,2022/02/11,83.32
CNP,2022/02/11,27.227
COP,2022/02/11,93.52
CTAS,2022/02/11,374.58
CZR,2022/02/11,83.74
DG,2022/02/11,200.63
DPZ,2022/02/11,430.292
DRE,2022/02/11,54.927
DXC,2022/02/11,36.84
EWA,2022/02/11,23.66
EWC,2022/02/11,38.84
EWG,2022/02/11,31.57
EWH,2022/02/11,24.31
EWJ,2022/02/11,63.96
EWL,2022/02/11,48.65
EWQ,2022/02/11,37.36
EWT,2022/02/11,65.26
EWU,2022/02/11,34.46
EWY,2022/02/11,72.9
EWZ,2022/02/11,32.52
FB,2022/02/11,219.55
FTV,2022/02/11,65.187
GOOG,2022/02/11,2682.6
GPC,2022/02/11,125.782
GSG,2022/02/11,19.93
HIG,2022/02/11,71.151
HIGH.L,2022/02/11,5.357
HST,2022/02/11,18.06
HYG,2022/02/11,82.356
IAU,2022/02/11,35.41
ICLN,2022/02/11,17.97
IEAA.L,2022/02/11,5.146
IEF,2022/02/11,111.04
IEFM.L,2022/02/11,772
IEMG,2022/02/11,59.43
IEUS,2022/02/11,63.79
IEVL.L,2022/02/11,7.716
IGF,2022/02/11,47.69
INDA,2022/02/11,44.17
IUMO.L,2022/02/11,11.45
IUVL.L,2022/02/11,9.35
IVV,2022/02/11,440.886
IWM,2022/02/11,200.985
IXN,2022/02/11,57.06
JPEA.L,2022/02/11,5.651
JPM,2022/02/11,153.92
KR,2022/02/11,46.06
LQD,2022/02/11,124.584
MCHI,2022/02/11,62.22
MVEU.L,2022/02/11,52.87
OGN,2022/02/11,34.45
PG,2022/02/11,156.29
PPL,2022/02/11,28.442
PRU,2022/02/11,118.66
PYPL,2022/02/11,115.29
RE,2022/02/11,293.249
REET,2022/02/11,27.769
ROL,2022/02/11,30.73
ROST,2022/02/11,93.937
SEGA.L,2022/02/11,105.8
SHY,2022/02/11,84.425
SLV,2022/02/11,21.83
SPMV.L,2022/02/11,79.42
TLT,2022/02/11,138.067
UNH,2022/02/11,476.719
URI,2022/02/11,312.91
V,2022/02/11,224.69
VRSK,2022/02/11,192.582
VXX,2022/02/11,23.24
WRK,2022/02/11,46.46
XLB,2022/02/11,83.685
XLC,2022/02/11,69.134
XLE,2022/02/11,69.743
XLF,2022/02/11,39.954
XLI,2022/02/11,99.031
XLK,2022/02/11,154.605
XLP,2022/02/11,74.91
XLU,2022/02/11,66.586
XLV,2022/02/11,129.845
XLY,2022/02/11,180.203
XOM,2022/02/11,80.21
ABBV,2022/02/14,143
ACN,2022/02/14,326.13
AEP,2022/02/14,86.18
AIZ,2022/02/14,161.316
ALLE,2022/02/14,117.897
AMAT,2022/02/14,131.623
AMP,2022/02/14,300.95
AMZN,2022/02/14,3103.34
AVB,2022/02/14,238.15
AVY,2022/02/14,181.078
AXP,2022/02/14,192.35
BDX,2022/02/14,268.018
BF-B,2022/02/14,66.191
BMY,2022/02/14,66.81
BR,2022/02/14,144.199
CARR,2022/02/14,44.79
CDW,2022/02/14,175.579
CE,2022/02/14,153.484
CHTR,2022/02/14,607.94
CNC,2022/02/14,82.01
CNP,2022/02/14,26.74
COP,2022/02/14,91.55
CTAS,2022/02/14,370.5
CZR,2022/02/14,81.23
DG,2022/02/14,200.61
DPZ,2022/02/14,429.484
DRE,2022/02/14,54.27
DXC,2022/02/14,36.68
EWA,2022/02/14,23.71
EWC,2022/02/14,38.51
EWG,2022/02/14,31.23
EWH,2022/02/14,24.16
EWJ,2022/02/14,63.96
EWL,2022/02/14,48.21
EWQ,2022/02/14,36.97
EWT,2022/02/14,64.6
EWU,2022/02/14,34.1
EWY,2022/02/14,72.24
EWZ,2022/02/14,32.77
FB,2022/02/14,217.7
FTV,2022/02/14,64.977
GOOG,2022/02/14,2706
GPC,2022/02/14,126.15
GSG,2022/02/14,20.06
HIG,2022/02/14,69.281
HIGH.L,2022/02/14,5.345
HST,2022/02/14,17.93
HYG,2022/02/14,82.217
IAU,2022/02/14,35.58
ICLN,2022/02/14,17.83
IEAA.L,2022/02/14,5.149
IEF,2022/02/14,110.271
IEFM.L,2022/02/14,753.7
IEMG,2022/02/14,59
IEUS,2022/02/14,63.11
IEVL.L,2022/02/14,7.567
IGF,2022/02/14,47.12
INDA,2022/02/14,43.4
IUMO.L,2022/02/14,11.175
IUVL.L,2022/02/14,9.145
IVV,2022/02/14,439.45
IWM,2022/02/14,200.287
IXN,2022/02/14,56.8
JPEA.L,2022/02/14,5.643
JPM,2022/02/14,152.49
KR,2022/02/14,45.69
LQD,2022/02/14,123.476
MCHI,2022/02/14,61.74
MVEU.L,2022/02/14,52.18
OGN,2022/02/14,34.113
PG,2022/02/14,156.74
PPL,2022/02/14,28.134
PRU,2022/02/14,115.8
PYPL,2022/02/14,114.12
RE,2022/02/14,291.45
REET,2022/02/14,27.55
ROL,2022/02/14,30.84
ROST,2022/02/14,93.937
SEGA.L,2022/02/14,105.1
SHY,2022/02/14,84.245
SLV,2022/02/14,22.05
SPMV.L,2022/02/14,77.88
TLT,2022/02/14,136.35
UNH,2022/02/14,473
URI,2022/02/14,313.25
V,2022/02/14,225.34
VRSK,2022/02/14,191.483
VXX,2022/02/14,23.31
WRK,2022/02/14,45.79
XLB,2022/02/14,82.998
XLC,2022/02/14,69.144
XLE,2022/02/14,68.099
XLF,2022/02/14,39.506
XLI,2022/02/14,98.662
XLK,2022/02/14,154.555
XLP,2022/02/14,74.701
XLU,2022/02/14,66.019
XLV,2022/02/14,128.519
XLY,2022/02/14,181.232
XOM,2022/02/14,78.98
ABBV,2022/02/15,144.76
ACN,2022/02/15,329.41
AEP,2022/02/15,85.44
AIZ,2022/02/15,164.981
ALLE,2022/02/15,116.661
AMAT,2022/02/15,139.588
AMP,2022/02/15,308.49
AMZN,2022/02/15,3130.21
AVB,2022/02/15,239.96
AVY,2022/02/15,183.858
AXP,2022/02/15,197.98
BDX,2022/02/15,270.26
BF-B,2022/02/15,66.271
BMY,2022/02/15,67.77
BR,2022/02/15,146.977
CARR,2022/02/15,45.75
CDW,2022/02/15,183.077
CE,2022/02/15,157.606
CHTR,2022/02/15,609.45
CNC,2022/02/15,84.08
CNP,2022/02/15,26.72
COP,2022/02/15,89.68
CTAS,2022/02/15,377.75
CZR,2022/02/15,84.18
DG,2022/02/15,199.15
DPZ,2022/02/15,430.77
DRE,2022/02/15,54
DXC,2022/02/15,37.36
EWA,2022/02/15,24.1
EWC,2022/02/15,38.85
EWG,2022/02/15,32.17
EWH,2022/02/15,24.49
EWJ,2022/02/15,64.67
EWL,2022/02/15,48.93
EWQ,2022/02/15,37.99
EWT,2022/02/15,65.72
EWU,2022/02/15,34.48
EWY,2022/02/15,72.8
EWZ,2022/02/15,33.31
FB,2022/02/15,221
FTV,2022/02/15,65.616
GOOG,2022/02/15,2728.51
GPC,2022/02/15,128.086
GSG,2022/02/15,19.7
HIG,2022/02/15,70.624
HIGH.L,2022/02/15,5.351
HST,2022/02/15,18.72
HYG,2022/02/15,82.356
IAU,2022/02/15,35.23
ICLN,2022/02/15,18.73
IEAA.L,2022/02/15,5.139
IEF,2022/02/15,109.941
IEFM.L,2022/02/15,769.9
IEMG,2022/02/15,60.22
IEUS,2022/02/15,64.9
IEVL.L,2022/02/15,7.672
IGF,2022/02/15,47.53
INDA,2022/02/15,44.92
IUMO.L,2022/02/15,11.315
IUVL.L,2022/02/15,9.252
IVV,2022/02/15,446.517
IWM,2022/02/15,205.656
IXN,2022/02/15,58.53
JPEA.L,2022/02/15,5.672
JPM,2022/02/15,154.72
KR,2022/02/15,46.41
LQD,2022/02/15,122.858
MCHI,2022/02/15,63.16
MVEU.L,2022/02/15,52.72
OGN,2022/02/15,34.946
PG,2022/02/15,156.82
PPL,2022/02/15,28.035
PRU,2022/02/15,118
PYPL,2022/02/15,115.46
RE,2022/02/15,298.917
REET,2022/02/15,27.789
ROL,2022/02/15,31.3
ROST,2022/02/15,95.85
SEGA.L,2022/02/15,104.98
SHY,2022/02/15,84.275
SLV,2022/02/15,21.61
SPMV.L,2022/02/15,78.81
TLT,2022/02/15,134.802
UNH,2022/02/15,476.819
URI,2022/02/15,322.87
V,2022/02/15,227.82
VRSK,2022/02/15,193.939
VXX,2022/02/15,21.39
WRK,2022/02/15,47.44
XLB,2022/02/15,84.522
XLC,2022/02/15,70.112
XLE,2022/02/15,67.386
XLF,2022/02/15,40.043
XLI,2022/02/15,100.147
XLK,2022/02/15,158.617
XLP,2022/02/15,74.831
XLU,2022/02/15,65.711
XLV,2022/02/15,129.964
XLY,2022/02/15,185.286
XOM,2022/02/15,77.99
ABBV,2022/02/16,145.87
ACN,2022/02/16,333.72
AEP,2022/02/16,85.41
AIZ,2022/02/16,166.505
ALLE,2022/02/16,114.818
AMAT,2022/02/16,140.706
AMP,2022/02/16,312.11
AMZN,2022/02/16,3162.01
AVB,2022/02/16,239.87
AVY,2022/02/16,183.957
AXP,2022/02/16,198.38
BDX,2022/02/16,270.24
BF-B,2022/02/16,66.421
BMY,2022/02/16,67.6
BR,2022/02/16,145.324
CARR,2022/02/16,45.65
CDW,2022/02/16,184.932
CE,2022/02/16,155.396
CHTR,2022/02/16,609.46
CNC,2022/02/16,84.22
CNP,2022/02/16,26.88
COP,2022/02/16,90.21
CTAS,2022/02/16,378.57
CZR,2022/02/16,85.42
DG,2022/02/16,197.35
DPZ,2022/02/16,432.106
DRE,2022/02/16,53.87
DXC,2022/02/16,37.35
EWA,2022/02/16,24.36
EWC,2022/02/16,38.72
EWG,2022/02/16,32.22
EWH,2022/02/16,24.65
EWJ,2022/02/16,64.68
EWL,2022/02/16,49.17
EWQ,2022/02/16,38.1
EWT,2022/02/16,66.23
EWU,2022/02/16,34.66
EWY,2022/02/16,73.68
EWZ,2022/02/16,33.64
FB,2022/02/16,216.54
FTV,2022/02/16,65.287
GOOG,2022/02/16,2749.75
GPC,2022/02/16,129.029
GSG,2022/02/16,19.63
HIG,2022/02/16,70.832
HIGH.L,2022/02/16,5.367
HST,2022/02/16,19.31
HYG,2022/02/16,82.815
IAU,2022/02/16,35.61
ICLN,2022/02/16,18.74
IEAA.L,2022/02/16,5.15
IEF,2022/02/16,110.171
IEFM.L,2022/02/16,769.3
IEMG,2022/02/16,60.73
IEUS,2022/02/16,64.69
IEVL.L,2022/02/16,7.65
IGF,2022/02/16,47.67
INDA,2022/02/16,44.93
IUMO.L,2022/02/16,11.288
IUVL.L,2022/02/16,9.25
IVV,2022/02/16,447.025
IWM,2022/02/16,206.085
IXN,2022/02/16,58.52
JPEA.L,2022/02/16,5.676
JPM,2022/02/16,155
KR,2022/02/16,44.57
LQD,2022/02/16,123.037
MCHI,2022/02/16,63.25
MVEU.L,2022/02/16,52.7
OGN,2022/02/16,36.058
PG,2022/02/16,158.01
PPL,2022/02/16,28.015
PRU,2022/02/16,118.16
PYPL,2022/02/16,110.54
RE,2022/02/16,301.353
REET,2022/02/16,28.048
ROL,2022/02/16,31.37
ROST,2022/02/16,95.362
SEGA.L,2022/02/16,104.88
SHY,2022/02/16,84.385
SLV,2022/02/16,21.87
SPMV.L,2022/02/16,78.225
TLT,2022/02/16,135.601
UNH,2022/02/16,478.634
URI,2022/02/16,325.12
V,2022/02/16,228.82
VRSK,2022/02/16,193.74
VXX,2022/02/16,20.53
WRK,2022/02/16,47.16
XLB,2022/02/16,85.14
XLC,2022/02/16,69.623
XLE,2022/02/16,67.93
XLF,2022/02/16,40.073
XLI,2022/02/16,100.676
XLK,2022/02/16,158.458
XLP,2022/02/16,74.97
XLU,2022/02/16,65.86
XLV,2022/02/16,130.164
XLY,2022/02/16,185.815
XOM,2022/02/16,78.35
ABBV,2022/02/17,144.97
ACN,2022/02/17,322.91
AEP,2022/02/17,85.49
AIZ,2022/02/17,165.33
ALLE,2022/02/17,114.17
AMAT,2022/02/17,136.224
AMP,2022/02/17,299.4
AMZN,2022/02/17,3093.05
AVB,2022/02/17,236.14
AVY,2022/02/17,181.995
AXP,2022/02/17,195.71
BDX,2022/02/17,265.277
BF-B,2022/02/17,65.802
BMY,2022/02/17,67.39
BR,2022/02/17,141.75
CARR,2022/02/17,44.58
CDW,2022/02/17,181.741
CE,2022/02/17,152.25
CHTR,2022/02/17,597.83
CNC,2022/02/17,82.81
CNP,2022/02/17,26.81
COP,2022/02/17,91.16
CTAS,2022/02/17,370.64
CZR,2022/02/17,81.92
DG,2022/02/17,197.12
DPZ,2022/02/17,429.304
DRE,2022/02/17,53.01
DXC,2022/02/17,35.79
EWA,2022/02/17,24.17
EWC,2022/02/17,38.21
EWG,2022/02/17,31.61
EWH,2022/02/17,24.48
EWJ,2022/02/17,63.73
EWL,2022/02/17,48.35
EWQ,2022/02/17,37.57
EWT,2022/02/17,65.28
EWU,2022/02/17,34.3
EWY,2022/02/17,73.1
EWZ,2022/02/17,32.91
FB,2022/02/17,207.71
FTV,2022/02/17,63.299
GOOG,2022/02/17,2646.17
GPC,2022/02/17,126.696
GSG,2022/02/17,19.77
HIG,2022/02/17,70.236
HIGH.L,2022/02/17,5.349
HST,2022/02/17,19.3
HYG,2022/02/17,82.466
IAU,2022/02/17,36.1
ICLN,2022/02/17,18.48
IEAA.L,2022/02/17,5.149
IEF,2022/02/17,110.76
IEFM.L,2022/02/17,759.65
IEMG,2022/02/17,60.01
IEUS,2022/02/17,63.59
IEVL.L,2022/02/17,7.611
IGF,2022/02/17,47.71
INDA,2022/02/17,44.6
IUMO.L,2022/02/17,11.168
IUVL.L,2022/02/17,9.19
IVV,2022/02/17,437.646
IWM,2022/02/17,200.806
IXN,2022/02/17,56.67
JPEA.L,2022/02/17,5.664
JPM,2022/02/17,151.43
KR,2022/02/17,45.23
LQD,2022/02/17,123.127
MCHI,2022/02/17,62.76
MVEU.L,2022/02/17,52.65
OGN,2022/02/17,36.087
PG,2022/02/17,159.82
PPL,2022/02/17,27.926
PRU,2022/02/17,114.25
PYPL,2022/02/17,105.2
RE,2022/02/17,301.035
REET,2022/02/17,27.928
ROL,2022/02/17,31.19
ROST,2022/02/17,91.426
SEGA.L,2022/02/17,105.07
SHY,2022/02/17,84.435
SLV,2022/02/17,22.04
SPMV.L,2022/02/17,78
TLT,2022/02/17,136.609
UNH,2022/02/17,468.952
URI,2022/02/17,314.21
V,2022/02/17,224.61
VRSK,2022/02/17,189.976
VXX,2022/02/17,22.96
WRK,2022/02/17,46.51
XLB,2022/02/17,83.685
XLC,2022/02/17,67.768
XLE,2022/02/17,67.821
XLF,2022/02/17,39.077
XLI,2022/02/17,98.832
XLK,2022/02/17,153.716
XLP,2022/02/17,75.547
XLU,2022/02/17,65.9
XLV,2022/02/17,128.07
XLY,2022/02/17,180.842
XOM,2022/02/17,78.23
ABBV,2022/02/18,144.03
ACN,2022/02/18,321.18
AEP,2022/02/18,85.71
AIZ,2022/02/18,164.852
ALLE,2022/02/18,113.712
AMAT,2022/02/18,133.11
AMP,2022/02/18,300.56
AMZN,2022/02/18,3052.03
AVB,2022/02/18,235.09
AVY,2022/02/18,180.172
AXP,2022/02/18,194.88
BDX,2022/02/18,263.174
BF-B,2022/02/18,66.341
BMY,2022/02/18,67.55
BR,2022/02/18,141.75
CARR,2022/02/18,44.08
CDW,2022/02/18,181.223
CE,2022/02/18,144.25
CHTR,2022/02/18,596.83
CNC,2022/02/18,82.06
CNP,2022/02/18,26.61
COP,2022/02/18,89.63
CTAS,2022/02/18,371.57
CZR,2022/02/18,79.28
DG,2022/02/18,199.97
DPZ,2022/02/18,434.38
DRE,2022/02/18,52.92
DXC,2022/02/18,35.62
EWA,2022/02/18,23.98
EWC,2022/02/18,37.75
EWG,2022/02/18,31.2
EWH,2022/02/18,24.37
EWJ,2022/02/18,63.63
EWL,2022/02/18,48.3
EWQ,2022/02/18,37.51
EWT,2022/02/18,65.46
EWU,2022/02/18,34.27
EWY,2022/02/18,72.98
EWZ,2022/02/18,32.92
FB,2022/02/18,206.16
FTV,2022/02/18,63.679
GOOG,2022/02/18,2609.35
GPC,2022/02/18,125.951
GSG,2022/02/18,19.84
HIG,2022/02/18,70.146
HIGH.L,2022/02/18,5.331
HST,2022/02/18,19.11
HYG,2022/02/18,82.585
IAU,2022/02/18,36.06
ICLN,2022/02/18,18.14
IEAA.L,2022/02/18,5.155
IEF,2022/02/18,111.12
IEFM.L,2022/02/18,752.3
IEMG,2022/02/18,59.5
IEUS,2022/02/18,62.84
IEVL.L,2022/02/18,7.54
IGF,2022/02/18,47.34
INDA,2022/02/18,44.6
IUMO.L,2022/02/18,10.892
IUVL.L,2022/02/18,9.082
IVV,2022/02/18,434.626
IWM,2022/02/18,199.079
IXN,2022/02/18,56.14
JPEA.L,2022/02/18,5.646
JPM,2022/02/18,152.14
KR,2022/02/18,45.59
LQD,2022/02/18,123.427
MCHI,2022/02/18,61.57
MVEU.L,2022/02/18,52.33
OGN,2022/02/18,35.81
PG,2022/02/18,159.9
PPL,2022/02/18,25.901
PRU,2022/02/18,114.07
PYPL,2022/02/18,103.65
RE,2022/02/18,302.685
REET,2022/02/18,27.769
ROL,2022/02/18,31.13
ROST,2022/02/18,93.14
SEGA.L,2022/02/18,105.11
SHY,2022/02/18,84.445
SLV,2022/02/18,22.12
SPMV.L,2022/02/18,77.345
TLT,2022/02/18,138.047
UNH,2022/02/18,466.43
URI,2022/02/18,311.82
V,2022/02/18,222.69
VRSK,2022/02/18,188.978
VXX,2022/02/18,23.45
WRK,2022/02/18,46.65
XLB,2022/02/18,83.546
XLC,2022/02/18,67.239
XLE,2022/02/18,67.405
XLF,2022/02/18,39.067
XLI,2022/02/18,98.014
XLK,2022/02/18,152.159
XLP,2022/02/18,75.687
XLU,2022/02/18,65.781
XLV,2022/02/18,127.113
XLY,2022/02/18,179.724
XOM,2022/02/18,77.36
HIGH.L,2022/02/21,5.322
IEAA.L,2022/02/21,5.146
IEFM.L,2022/02/21,738.55
IEVL.L,2022/02/21,7.445
IUMO.L,2022/02/21,10.732
IUVL.L,2022/02/21,9.012
JPEA.L,2022/02/21,5.6
MVEU.L,2022/02/21,51.76
SEGA.L,2022/02/21,105
SPMV.L,2022/02/21,76.72
ABBV,2022/02/22,145.56
ACN,2022/02/22,321.11
AEP,2022/02/22,85.99
AIZ,2022/02/22,164.433
ALLE,2022/02/22,113.094
AMAT,2022/02/22,130.26
AMP,2022/02/22,297.4
AMZN,2022/02/22,3003.95
AVB,2022/02/22,236.25
AVY,2022/02/22,177.781
AXP,2022/02/22,192.44
BDX,2022/02/22,263.293
BF-B,2022/02/22,65.722
BMY,2022/02/22,67.45
BR,2022/02/22,142.248
CARR,2022/02/22,45.29
CDW,2022/02/22,177.464
CE,2022/02/22,144.07
CHTR,2022/02/22,595.5
CNC,2022/02/22,81.33
CNP,2022/02/22,27.2
COP,2022/02/22,87.83
CTAS,2022/02/22,370
CZR,2022/02/22,76.57
DG,2022/02/22,191.94
DPZ,2022/02/22,420.908
DRE,2022/02/22,52.76
DXC,2022/02/22,35.14
EWA,2022/02/22,24.12
EWC,2022/02/22,37.54
EWG,2022/02/22,30.42
EWH,2022/02/22,23.73
EWJ,2022/02/22,63.12
EWL,2022/02/22,47.89
EWQ,2022/02/22,36.66
EWT,2022/02/22,64.7
EWU,2022/02/22,34.09
EWY,2022/02/22,72.77
EWZ,2022/02/22,33.45
FB,2022/02/22,202.08
FTV,2022/02/22,63.629
GOOG,2022/02/22,2588.05
GPC,2022/02/22,122.704
GSG,2022/02/22,20.17
HIG,2022/02/22,69.927
HIGH.L,2022/02/22,5.338
HST,2022/02/22,18.59
HYG,2022/02/22,82.396
IAU,2022/02/22,36.15
ICLN,2022/02/22,17.69
IEAA.L,2022/02/22,5.129
IEF,2022/02/22,111.11
IEFM.L,2022/02/22,743.05
IEMG,2022/02/22,58.64
IEUS,2022/02/22,61.56
IEVL.L,2022/02/22,7.451
IGF,2022/02/22,47
INDA,2022/02/22,44.35
IUMO.L,2022/02/22,10.78
IUVL.L,2022/02/22,9.039
IVV,2022/02/22,429.912
IWM,2022/02/22,196.274
IXN,2022/02/22,55.6
JPEA.L,2022/02/22,5.616
JPM,2022/02/22,151.87
KR,2022/02/22,45.04
LQD,2022/02/22,123.267
MCHI,2022/02/22,59.92
MVEU.L,2022/02/22,51.615
OGN,2022/02/22,35.7
PG,2022/02/22,157.93
PPL,2022/02/22,26.606
PRU,2022/02/22,112.76
PYPL,2022/02/22,103.17
RE,2022/02/22,298.728
REET,2022/02/22,27.62
ROL,2022/02/22,30.99
ROST,2022/02/22,91.914
SEGA.L,2022/02/22,105.1
SHY,2022/02/22,84.365
SLV,2022/02/22,22.31
SPMV.L,2022/02/22,77.13
TLT,2022/02/22,138.407
UNH,2022/02/22,461.145
URI,2022/02/22,312.32
V,2022/02/22,221.32
VRSK,2022/02/22,186.122
VXX,2022/02/22,23.36
WRK,2022/02/22,46.47
XLB,2022/02/22,82.36
XLC,2022/02/22,66.551
XLE,2022/02/22,66.316
XLF,2022/02/22,38.868
XLI,2022/02/22,97.068
XLK,2022/02/22,150.752
XLP,2022/02/22,75.099
XLU,2022/02/22,65.711
XLV,2022/02/22,126.794
XLY,2022/02/22,174.482
XOM,2022/02/22,76.46
ABBV,2022/02/23,146.76
ACN,2022/02/23,313.16
AEP,2022/02/23,84.64
AIZ,2022/02/23,162.92
ALLE,2022/02/23,109.159
AMAT,2022/02/23,127.86
AMP,2022/02/23,291.56
AMZN,2022/02/23,2896.54
AVB,2022/02/23,234.38
AVY,2022/02/23,174.265
AXP,2022/02/23,188.95
BDX,2022/02/23,267.778
BF-B,2022/02/23,65.004
BMY,2022/02/23,67.93
BR,2022/02/23,140.266
CARR,2022/02/23,43.84
CDW,2022/02/23,168.6
CE,2022/02/23,138.5
CHTR,2022/02/23,570.6
CNC,2022/02/23,81.35
CNP,2022/02/23,26.49
COP,2022/02/23,88.23
CTAS,2022/02/23,363.91
CZR,2022/02/23,78.68
DG,2022/02/23,188.34
DPZ,2022/02/23,400.945
DRE,2022/02/23,52.19
DXC,2022/02/23,34.44
EWA,2022/02/23,23.97
EWC,2022/02/23,37.28
EWG,2022/02/23,29.99
EWH,2022/02/23,23.37
EWJ,2022/02/23,62.47
EWL,2022/02/23,47.82
EWQ,2022/02/23,36.37
EWT,2022/02/23,64.35
EWU,2022/02/23,34.1
EWY,2022/02/23,71.83
EWZ,2022/02/23,33.51
FB,2022/02/23,198.45
FTV,2022/02/23,62.49
GOOG,2022/02/23,2551.7
GPC,2022/02/23,117.989
GSG,2022/02/23,20.28
HIG,2022/02/23,69.032
HIGH.L,2022/02/23,5.323
HST,2022/02/23,18.34
HYG,2022/02/23,82.247
IAU,2022/02/23,36.31
ICLN,2022/02/23,17.57
IEAA.L,2022/02/23,5.128
IEF,2022/02/23,110.53
IEFM.L,2022/02/23,741.55
IEMG,2022/02/23,58.05
IEUS,2022/02/23,60.89
IEVL.L,2022/02/23,7.434
IGF,2022/02/23,46.63
INDA,2022/02/23,43.87
IUMO.L,2022/02/23,10.7
IUVL.L,2022/02/23,8.935
IVV,2022/02/23,422.078
IWM,2022/02/23,192.602
IXN,2022/02/23,54.27
JPEA.L,2022/02/23,5.532
JPM,2022/02/23,148.69
KR,2022/02/23,44.53
LQD,2022/02/23,122.149
MCHI,2022/02/23,59.27
MVEU.L,2022/02/23,51.78
OGN,2022/02/23,35.224
PG,2022/02/23,155.96
PPL,2022/02/23,25.901
PRU,2022/02/23,110.89
PYPL,2022/02/23,100.72
RE,2022/02/23,298.37
REET,2022/02/23,27.301
ROL,2022/02/23,30.31
ROST,2022/02/23,87.709
SEGA.L,2022/02/23,104.89
SHY,2022/02/23,84.315
SLV,2022/02/23,22.73
SPMV.L,2022/02/23,76.7
TLT,2022/02/23,136.5
UNH,2022/02/23,458.264
URI,2022/02/23,299.2
V,2022/02/23,215.95
VRSK,2022/02/23,177.318
VXX,2022/02/23,24.7
WRK,2022/02/23,45.02
XLB,2022/02/23,81.304
XLC,2022/02/23,65.434
XLE,2022/02/23,66.999
XLF,2022/02/23,38.191
XLI,2022/02/23,95.283
XLK,2022/02/23,146.979
XLP,2022/02/23,74.492
XLU,2022/02/23,64.599
XLV,2022/02/23,126.156
XLY,2022/02/23,168.651
XOM,2022/02/23,76.77
ABBV,2022/02/24,145.27
ACN,2022/02/24,316.17
AEP,2022/02/24,86.56
AIZ,2022/02/24,162.82
ALLE,2022/02/24,111.291
AMAT,2022/02/24,133.42
AMP,2022/02/24,289.36
AMZN,2022/02/24,3027.16
AVB,2022/02/24,236.37
AVY,2022/02/24,173.607
AXP,2022/02/24,188.35
BDX,2022/02/24,265.416
BF-B,2022/02/24,64.406
BMY,2022/02/24,67.1
BR,2022/02/24,144.647
CARR,2022/02/24,44.71
CDW,2022/02/24,171.3
CE,2022/02/24,137.21
CHTR,2022/02/24,586.59
CNC,2022/02/24,80.84
CNP,2022/02/24,26.55
COP,2022/02/24,87.73
CTAS,2022/02/24,374.02
CZR,2022/02/24,84.65
DG,2022/02/24,190.8
DPZ,2022/02/24,416.222
DRE,2022/02/24,52.42
DXC,2022/02/24,35.06
EWA,2022/02/24,23.79
EWC,2022/02/24,37.1
EWG,2022/02/24,29.31
EWH,2022/02/24,23.26
EWJ,2022/02/24,62.11
EWL,2022/02/24,47.25
EWQ,2022/02/24,35.55
EWT,2022/02/24,63.26
EWU,2022/02/24,32.94
EWY,2022/02/24,70.63
EWZ,2022/02/24,32.68
FB,2022/02/24,207.6
FTV,2022/02/24,64.37
GOOG,2022/02/24,2653.47
GPC,2022/02/24,119.994
GSG,2022/02/24,20.58
HIG,2022/02/24,67.113
HIGH.L,2022/02/24,5.294
HST,2022/02/24,18.49
HYG,2022/02/24,82.834
IAU,2022/02/24,36.08
ICLN,2022/02/24,18.91
IEAA.L,2022/02/24,5.126
IEF,2022/02/24,110.79
IEFM.L,2022/02/24,719.7
IEMG,2022/02/24,56.9
IEUS,2022/02/24,60
IEVL.L,2022/02/24,7.116
IGF,2022/02/24,46.43
INDA,2022/02/24,42.68
IUMO.L,2022/02/24,10.49
IUVL.L,2022/02/24,8.692
IVV,2022/02/24,428.716
IWM,2022/02/24,197.652
IXN,2022/02/24,55.83
JPEA.L,2022/02/24,5.354
JPM,2022/02/24,144.55
KR,2022/02/24,44.44
LQD,2022/02/24,122.728
MCHI,2022/02/24,58.96
MVEU.L,2022/02/24,50.56
OGN,2022/02/24,35.75
PG,2022/02/24,151.76
PPL,2022/02/24,25.743
PRU,2022/02/24,108.95
PYPL,2022/02/24,105.02
RE,2022/02/24,289.839
REET,2022/02/24,27.46
ROL,2022/02/24,31.6
ROST,2022/02/24,90.32
SEGA.L,2022/02/24,105.43
SHY,2022/02/24,84.385
SLV,2022/02/24,22.31
SPMV.L,2022/02/24,75.22
TLT,2022/02/24,136.589
UNH,2022/02/24,454.545
URI,2022/02/24,308.32
V,2022/02/24,217.3
VRSK,2022/02/24,178.915
VXX,2022/02/24,23.925
WRK,2022/02/24,44.51
XLB,2022/02/24,81.065
XLC,2022/02/24,67.269
XLE,2022/02/24,66.474
XLF,2022/02/24,37.732
XLI,2022/02/24,96.499
XLK,2022/02/24,152
XLP,2022/02/24,73.208
XLU,2022/02/24,65.115
XLV,2022/02/24,126.664
XLY,2022/02/24,172.505
XOM,2022/02/24,75.8
ABBV,2022/02/25,149.54
ACN,2022/02/25,322.51
AEP,2022/02/25,89.46
AIZ,2022/02/25,168.41
ALLE,2022/02/25,114.678
AMAT,2022/02/25,135.72
AMP,2022/02/25,302.77
AMZN,2022/02/25,3075.77
AVB,2022/02/25,244.05
AVY,2022/02/25,179.624
AXP,2022/02/25,193.71
BDX,2022/02/25,271.825
BF-B,2022/02/25,66.281
BMY,2022/02/25,68.8
BR,2022/02/25,147.594
CARR,2022/02/25,45.23
CDW,2022/02/25,177.53
CE,2022/02/25,141.28
CHTR,2022/02/25,601.16
CNC,2022/02/25,83.52
CNP,2022/02/25,27.38
COP,2022/02/25,91.27
CTAS,2022/02/25,377.32
CZR,2022/02/25,84.69
DG,2022/02/25,198.99
DPZ,2022/02/25,428.756
DRE,2022/02/25,53.9
DXC,2022/02/25,35.53
EWA,2022/02/25,24.22
EWC,2022/02/25,38.15
EWG,2022/02/25,30.08
EWH,2022/02/25,23.16
EWJ,2022/02/25,63.55
EWL,2022/02/25,48.29
EWQ,2022/02/25,36.66
EWT,2022/02/25,64.07
EWU,2022/02/25,34.22
EWY,2022/02/25,72.66
EWZ,2022/02/25,33.06
FB,2022/02/25,210.48
FTV,2022/02/25,65.49
GOOG,2022/02/25,2690.39
GPC,2022/02/25,122.576
GSG,2022/02/25,20.23
HIG,2022/02/25,70.355
HIGH.L,2022/02/25,5.35
HST,2022/02/25,18.75
HYG,2022/02/25,83.303
IAU,2022/02/25,35.96
ICLN,2022/02/25,19.44
IEAA.L,2022/02/25,5.122
IEF,2022/02/25,110.76
IEFM.L,2022/02/25,749.1
IEMG,2022/02/25,57.93
IEUS,2022/02/25,61.84
IEVL.L,2022/02/25,7.34
IGF,2022/02/25,47.85
INDA,2022/02/25,44.1
IUMO.L,2022/02/25,10.85
IUVL.L,2022/02/25,9.072
IVV,2022/02/25,438.155
IWM,2022/02/25,202.103
IXN,2022/02/25,56.65
JPEA.L,2022/02/25,5.516
JPM,2022/02/25,147.97
KR,2022/02/25,46.46
LQD,2022/02/25,123.227
MCHI,2022/02/25,59.27
MVEU.L,2022/02/25,52.02
OGN,2022/02/25,37.57
PG,2022/02/25,158.24
PPL,2022/02/25,26.229
PRU,2022/02/25,112.8
PYPL,2022/02/25,110.94
RE,2022/02/25,300.597
REET,2022/02/25,28.147
ROL,2022/02/25,32.13
ROST,2022/02/25,92.402
SEGA.L,2022/02/25,105.44
SHY,2022/02/25,84.385
SLV,2022/02/25,22.4
SPMV.L,2022/02/25,77.9
TLT,2022/02/25,136.689
UNH,2022/02/25,474.346
URI,2022/02/25,316.31
V,2022/02/25,219.27
VRSK,2022/02/25,179.234
VXX,2022/02/25,22.95
WRK,2022/02/25,46.24
XLB,2022/02/25,84.024
XLC,2022/02/25,68.356
XLE,2022/02/25,68.227
XLF,2022/02/25,38.948
XLI,2022/02/25,98.802
XLK,2022/02/25,154.066
XLP,2022/02/25,75.567
XLU,2022/02/25,67.132
XLV,2022/02/25,130.542
XLY,2022/02/25,175.92
XOM,2022/02/25,77.84
ABBV,2022/02/28,147.77
ACN,2022/02/28,316.02
AEP,2022/02/28,90.65
AIZ,2022/02/28,169.71
ALLE,2022/02/28,114.101
AMAT,2022/02/28,134.2
AMP,2022/02/28,299.79
AMZN,2022/02/28,3071.26
AVB,2022/02/28,238.59
AVY,2022/02/28,175.52
AXP,2022/02/28,194.54
BDX,2022/02/28,270.39
BF-B,2022/02/28,65.054
BMY,2022/02/28,68.67
BR,2022/02/28,145.563
CARR,2022/02/28,44.88
CDW,2022/02/28,172.46
CE,2022/02/28,139.28
CHTR,2022/02/28,601.78
CNC,2022/02/28,82.62
CNP,2022/02/28,27.35
COP,2022/02/28,94.86
CTAS,2022/02/28,375.32
CZR,2022/02/28,84.19
DG,2022/02/28,198.34
DPZ,2022/02/28,430.98
DRE,2022/02/28,53
DXC,2022/02/28,34.03
EWA,2022/02/28,24.05
EWC,2022/02/28,38.22
EWG,2022/02/28,29.08
EWH,2022/02/28,22.68
EWJ,2022/02/28,62.94
EWL,2022/02/28,47.94
EWQ,2022/02/28,35.33
EWT,2022/02/28,63.92
EWU,2022/02/28,33.49
EWY,2022/02/28,72.41
EWZ,2022/02/28,32.89
FB,2022/02/28,211.03
FTV,2022/02/28,64.75
GOOG,2022/02/28,2697.82
GPC,2022/02/28,121.285
GSG,2022/02/28,20.81
HIG,2022/02/28,69.48
HIGH.L,2022/02/28,5.316
HST,2022/02/28,18.27
HYG,2022/02/28,83.363
IAU,2022/02/28,36.31
ICLN,2022/02/28,20.71
IEAA.L,2022/02/28,5.136
IEF,2022/02/28,112.019
IEFM.L,2022/02/28,745.75
IEMG,2022/02/28,57.23
IEUS,2022/02/28,60.84
IEVL.L,2022/02/28,7.219
IGF,2022/02/28,48.16
INDA,2022/02/28,43.75
IUMO.L,2022/02/28,11.02
IUVL.L,2022/02/28,9.088
IVV,2022/02/28,437.268
IWM,2022/02/28,202.922
IXN,2022/02/28,56.5
JPEA.L,2022/02/28,5.437
JPM,2022/02/28,141.8
KR,2022/02/28,46.8
LQD,2022/02/28,124.544
MCHI,2022/02/28,58.61
MVEU.L,2022/02/28,52.41
OGN,2022/02/28,37.33
PG,2022/02/28,155.89
PPL,2022/02/28,25.971
PRU,2022/02/28,111.66
PYPL,2022/02/28,111.93
RE,2022/02/28,296.521
REET,2022/02/28,27.799
ROL,2022/02/28,32.63
ROST,2022/02/28,91.067
SEGA.L,2022/02/28,105.72
SHY,2022/02/28,84.535
SLV,2022/02/28,22.62
SPMV.L,2022/02/28,77.93
TLT,2022/02/28,139.685
UNH,2022/02/28,474.466
URI,2022/02/28,321.62
V,2022/02/28,216.12
VRSK,2022/02/28,177.038
VXX,2022/02/28,24
WRK,2022/02/28,45.27
XLB,2022/02/28,83.068
XLC,2022/02/28,68.277
XLE,2022/02/28,69.911
XLF,2022/02/28,38.37
XLI,2022/02/28,99.559
XLK,2022/02/28,153.786
XLP,2022/02/28,74.562
XLU,2022/02/28,67.48
XLV,2022/02/28,129.556
XLY,2022/02/28,177.158
XOM,2022/02/28,78.42
ABBV,2022/03/01,147.69
ACN,2022/03/01,311.35
AEP,2022/03/01,90.21
AIZ,2022/03/01,165.12
ALLE,2022/03/01,114.21
AMAT,2022/03/01,129.61
AMP,2022/03/01,279.07
AMZN,2022/03/01,3022.84
AVB,2022/03/01,234.18
AVY,2022/03/01,166.94
AXP,2022/03/01,178.06
BDX,2022/03/01,270.5
BF-B,2022/03/01,64.266
BMY,2022/03/01,68.63
BR,2022/03/01,145.652
CARR,2022/03/01,43.72
CDW,2022/03/01,169.41
CE,2022/03/01,135.66
CHTR,2022/03/01,594.74
CNC,2022/03/01,83.15
CNP,2022/03/01,26.88
COP,2022/03/01,96.96
CTAS,2022/03/01,372.15
CZR,2022/03/01,82.98
DG,2022/03/01,201.05
DPZ,2022/03/01,430.98
DRE,2022/03/01,52.87
DXC,2022/03/01,30.09
EWA,2022/03/01,23.84
EWC,2022/03/01,37.7
EWG,2022/03/01,28.03
EWH,2022/03/01,22.53
EWJ,2022/03/01,62.08
EWL,2022/03/01,47.42
EWQ,2022/03/01,34.03
EWT,2022/03/01,63.62
EWU,2022/03/01,33.01
EWY,2022/03/01,71.49
EWZ,2022/03/01,32.9
FB,2022/03/01,203.49
FTV,2022/03/01,63.36
GOOG,2022/03/01,2683.36
GPC,2022/03/01,119.408
GSG,2022/03/01,22.07
HIG,2022/03/01,66.49
HIGH.L,2022/03/01,5.301
HST,2022/03/01,17.42
HYG,2022/03/01,83.13
IAU,2022/03/01,36.99
ICLN,2022/03/01,20.51
IEAA.L,2022/03/01,5.188
IEF,2022/03/01,113.11
IEFM.L,2022/03/01,724.35
IEMG,2022/03/01,56.41
IEUS,2022/03/01,59.22
IEVL.L,2022/03/01,7.066
IGF,2022/03/01,47.19
INDA,2022/03/01,42.61
IUMO.L,2022/03/01,10.94
IUVL.L,2022/03/01,8.89
IVV,2022/03/01,430.49
IWM,2022/03/01,199.099
IXN,2022/03/01,55.34
JPEA.L,2022/03/01,5.382
JPM,2022/03/01,136.45
KR,2022/03/01,48.35
LQD,2022/03/01,124.97
MCHI,2022/03/01,58.59
MVEU.L,2022/03/01,52.045
OGN,2022/03/01,37.46
PG,2022/03/01,153.31
PPL,2022/03/01,25.256
PRU,2022/03/01,105.78
PYPL,2022/03/01,106.51
RE,2022/03/01,282.471
REET,2022/03/01,27.53
ROL,2022/03/01,33.16
ROST,2022/03/01,89.234
SEGA.L,2022/03/01,107.41
SHY,2022/03/01,84.73
SLV,2022/03/01,23.54
SPMV.L,2022/03/01,77.3
TLT,2022/03/01,141.3
UNH,2022/03/01,474.845
URI,2022/03/01,313.04
V,2022/03/01,208.97
VRSK,2022/03/01,179.055
VXX,2022/03/01,26.67
WRK,2022/03/01,43.39
XLB,2022/03/01,81.155
XLC,2022/03/01,67.419
XLE,2022/03/01,70.615
XLF,2022/03/01,36.956
XLI,2022/03/01,98.074
XLK,2022/03/01,150.712
XLP,2022/03/01,74.124
XLU,2022/03/01,66.894
XLV,2022/03/01,128.838
XLY,2022/03/01,174.472
XOM,2022/03/01,79.17
ABBV,2022/03/02,149.57
ACN,2022/03/02,318.33
AEP,2022/03/02,91.24
AIZ,2022/03/02,168.88
ALLE,2022/03/02,116.94
AMAT,2022/03/02,133.18
AMP,2022/03/02,289.9
AMZN,2022/03/02,3041.05
AVB,2022/03/02,240.68
AVY,2022/03/02,171.99
AXP,2022/03/02,180.31
BDX,2022/03/02,271.626
BF-B,2022/03/02,64.645
BMY,2022/03/02,68.85
BR,2022/03/02,147.524
CARR,2022/03/02,44.91
CDW,2022/03/02,174.02
CE,2022/03/02,143.29
CHTR,2022/03/02,570.99
CNC,2022/03/02,84.68
CNP,2022/03/02,27.72
COP,2022/03/02,98.04
CTAS,2022/03/02,380.99
CZR,2022/03/02,86.16
DG,2022/03/02,205.41
DPZ,2022/03/02,422.045
DRE,2022/03/02,53.29
DXC,2022/03/02,31.61
EWA,2022/03/02,24.61
EWC,2022/03/02,38.58
EWG,2022/03/02,28.24
EWH,2022/03/02,22.36
EWJ,2022/03/02,62.29
EWL,2022/03/02,47.73
EWQ,2022/03/02,34.64
EWT,2022/03/02,64.42
EWU,2022/03/02,33.73
EWY,2022/03/02,71.53
EWZ,2022/03/02,33.98
FB,2022/03/02,208.11
FTV,2022/03/02,64.2
GOOG,2022/03/02,2695.03
GPC,2022/03/02,124.025
GSG,2022/03/02,23.19
HIG,2022/03/02,69.18
HIGH.L,2022/03/02,5.317
HST,2022/03/02,17.92
HYG,2022/03/02,83.33
IAU,2022/03/02,36.61
ICLN,2022/03/02,20.18
IEAA.L,2022/03/02,5.171
IEF,2022/03/02,111.41
IEFM.L,2022/03/02,730.85
IEMG,2022/03/02,56.61
IEUS,2022/03/02,59.87
IEVL.L,2022/03/02,7.104
IGF,2022/03/02,47.85
INDA,2022/03/02,43.29
IUMO.L,2022/03/02,10.965
IUVL.L,2022/03/02,9.135
IVV,2022/03/02,438.344
IWM,2022/03/02,203.84
IXN,2022/03/02,56.46
JPEA.L,2022/03/02,5.385
JPM,2022/03/02,139.28
KR,2022/03/02,49.37
LQD,2022/03/02,123.07
MCHI,2022/03/02,58.16
MVEU.L,2022/03/02,51.87
OGN,2022/03/02,39.36
PG,2022/03/02,153.79
PPL,2022/03/02,25.524
PRU,2022/03/02,109.37
PYPL,2022/03/02,106.61
RE,2022/03/02,291.002
REET,2022/03/02,27.908
ROL,2022/03/02,34.08
ROST,2022/03/02,94.664
SEGA.L,2022/03/02,107.027
SHY,2022/03/02,84.45
SLV,2022/03/02,23.37
SPMV.L,2022/03/02,78.55
TLT,2022/03/02,136.47
UNH,2022/03/02,483.948
URI,2022/03/02,326.31
V,2022/03/02,208.48
VRSK,2022/03/02,181.42
VXX,2022/03/02,24.96
WRK,2022/03/02,43.98
XLB,2022/03/02,82.938
XLC,2022/03/02,67.997
XLE,2022/03/02,72.229
XLF,2022/03/02,37.912
XLI,2022/03/02,100.167
XLK,2022/03/02,153.976
XLP,2022/03/02,74.91
XLU,2022/03/02,67.708
XLV,2022/03/02,130.782
XLY,2022/03/02,178.137
XOM,2022/03/02,80.53
ABBV,2022/03/03,150.41
ACN,2022/03/03,318.95
AEP,2022/03/03,93.98
AIZ,2022/03/03,170.6
ALLE,2022/03/03,117.279
AMAT,2022/03/03,130.64
AMP,2022/03/03,290.4
AMZN,2022/03/03,2957.97
AVB,2022/03/03,243.1
AVY,2022/03/03,171.36
AXP,2022/03/03,179.89
BDX,2022/03/03,271.945
BF-B,2022/03/03,69.223
BMY,2022/03/03,69.11
BR,2022/03/03,145.652
CARR,2022/03/03,45.88
CDW,2022/03/03,174.35
CE,2022/03/03,144.73
CHTR,2022/03/03,561.82
CNC,2022/03/03,84.78
CNP,2022/03/03,28.24
COP,2022/03/03,97.41
CTAS,2022/03/03,378.41
CZR,2022/03/03,83.21
DG,2022/03/03,206.29
DPZ,2022/03/03,401.524
DRE,2022/03/03,54.15
DXC,2022/03/03,31.34
EWA,2022/03/03,24.38
EWC,2022/03/03,38.44
EWG,2022/03/03,27.36
EWH,2022/03/03,22.39
EWJ,2022/03/03,61.98
EWL,2022/03/03,47.06
EWQ,2022/03/03,33.7
EWT,2022/03/03,63.64
EWU,2022/03/03,32.79
EWY,2022/03/03,72.02
EWZ,2022/03/03,34.57
FB,2022/03/03,202.97
FTV,2022/03/03,62.88
GOOG,2022/03/03,2686.16
GPC,2022/03/03,123.83
GSG,2022/03/03,23.23
HIG,2022/03/03,69.27
HIGH.L,2022/03/03,5.297
HST,2022/03/03,17.59
HYG,2022/03/03,83.08
IAU,2022/03/03,36.82
ICLN,2022/03/03,19.57
IEAA.L,2022/03/03,5.171
IEF,2022/03/03,111.89
IEFM.L,2022/03/03,716
IEMG,2022/03/03,55.93
IEUS,2022/03/03,58.1
IEVL.L,2022/03/03,6.943
IGF,2022/03/03,47.57
INDA,2022/03/03,42.49
IUMO.L,2022/03/03,10.945
IUVL.L,2022/03/03,9.089
IVV,2022/03/03,436.241
IWM,2022/03/03,201.424
IXN,2022/03/03,55.69
JPEA.L,2022/03/03,5.322
JPM,2022/03/03,138.29
KR,2022/03/03,55.1
LQD,2022/03/03,123.52
MCHI,2022/03/03,56.63
MVEU.L,2022/03/03,51.23
OGN,2022/03/03,39.02
PG,2022/03/03,154.36
PPL,2022/03/03,25.812
PRU,2022/03/03,109.54
PYPL,2022/03/03,101.34
RE,2022/03/03,287.463
REET,2022/03/03,28.068
ROL,2022/03/03,33.48
ROST,2022/03/03,93.2
SEGA.L,2022/03/03,105.95
SHY,2022/03/03,84.45
SLV,2022/03/03,23.29
SPMV.L,2022/03/03,78.33
TLT,2022/03/03,137.86
UNH,2022/03/03,485.154
URI,2022/03/03,328.64
V,2022/03/03,207.23
VRSK,2022/03/03,182.369
VXX,2022/03/03,25.11
WRK,2022/03/03,44.33
XLB,2022/03/03,83.038
XLC,2022/03/03,67.289
XLE,2022/03/03,72.427
XLF,2022/03/03,37.792
XLI,2022/03/03,100.277
XLK,2022/03/03,152.139
XLP,2022/03/03,75.518
XLU,2022/03/03,68.9
XLV,2022/03/03,131.45
XLY,2022/03/03,174.103
XOM,2022/03/03,81.04
ABBV,2022/03/04,150.56
ACN,2022/03/04,314.16
AEP,2022/03/04,96.33
AIZ,2022/03/04,169.39
ALLE,2022/03/04,116.86
AMAT,2022/03/04,125.74
AMP,2022/03/04,281.49
AMZN,2022/03/04,2912.82
AVB,2022/03/04,247.34
AVY,2022/03/04,167.59
AXP,2022/03/04,172.95
BDX,2022/03/04,274.516
BF-B,2022/03/04,69.801
BMY,2022/03/04,69.36
BR,2022/03/04,146.787
CARR,2022/03/04,45
CDW,2022/03/04,171.57
CE,2022/03/04,141.9
CHTR,2022/03/04,549.93
CNC,2022/03/04,86.05
CNP,2022/03/04,28.99
COP,2022/03/04,100.27
CTAS,2022/03/04,378.95
CZR,2022/03/04,78.8
DG,2022/03/04,210.98
DPZ,2022/03/04,412.532
DRE,2022/03/04,54.91
DXC,2022/03/04,30
EWA,2022/03/04,24.77
EWC,2022/03/04,38.54
EWG,2022/03/04,25.89
EWH,2022/03/04,22.09
EWJ,2022/03/04,61.18
EWL,2022/03/04,45.93
EWQ,2022/03/04,31.93
EWT,2022/03/04,62.47
EWU,2022/03/04,31.41
EWY,2022/03/04,69.99
EWZ,2022/03/04,34.29
FB,2022/03/04,200.06
FTV,2022/03/04,60.6
GOOG,2022/03/04,2642.44
GPC,2022/03/04,122.59
GSG,2022/03/04,24.26
HIG,2022/03/04,67.47
HIGH.L,2022/03/04,5.252
HST,2022/03/04,17.26
HYG,2022/03/04,82.54
IAU,2022/03/04,37.4
ICLN,2022/03/04,19.42
IEAA.L,2022/03/04,5.18
IEF,2022/03/04,113
IEFM.L,2022/03/04,687.05
IEMG,2022/03/04,54.82
IEUS,2022/03/04,55.44
IEVL.L,2022/03/04,6.659
IGF,2022/03/04,47.58
INDA,2022/03/04,41.5
IUMO.L,2022/03/04,10.682
IUVL.L,2022/03/04,8.942
IVV,2022/03/04,432.513
IWM,2022/03/04,198.271
IXN,2022/03/04,54.5
JPEA.L,2022/03/04,5.234
JPM,2022/03/04,134.4
KR,2022/03/04,58.94
LQD,2022/03/04,123.64
MCHI,2022/03/04,55.47
MVEU.L,2022/03/04,50.07
OGN,2022/03/04,38.82
PG,2022/03/04,155.14
PPL,2022/03/04,26.249
PRU,2022/03/04,106.43
PYPL,2022/03/04,99.91
RE,2022/03/04,280.801
REET,2022/03/04,28.098
ROL,2022/03/04,34.01
ROST,2022/03/04,89.124
SEGA.L,2022/03/04,106.5
SHY,2022/03/04,84.54
SLV,2022/03/04,23.64
SPMV.L,2022/03/04,78.035
TLT,2022/03/04,140.24
UNH,2022/03/04,497.179
URI,2022/03/04,316.51
V,2022/03/04,200.29
VRSK,2022/03/04,187.38
VXX,2022/03/04,26.2
WRK,2022/03/04,43.71
XLB,2022/03/04,82.749
XLC,2022/03/04,66.322
XLE,2022/03/04,74.517
XLF,2022/03/04,37.085
XLI,2022/03/04,100.058
XLK,2022/03/04,149.474
XLP,2022/03/04,75.528
XLU,2022/03/04,70.42
XLV,2022/03/04,132.108
XLY,2022/03/04,171.337
XOM,2022/03/04,84.09
ABBV,2022/03/07,149.45
ACN,2022/03/07,305.02
AEP,2022/03/07,97.26
AIZ,2022/03/07,168.25
ALLE,2022/03/07,114.31
AMAT,2022/03/07,119.22
AMP,2022/03/07,264.92
AMZN,2022/03/07,2749.06
AVB,2022/03/07,244.58
AVY,2022/03/07,158.58
AXP,2022/03/07,159.13
BDX,2022/03/07,275.144
BF-B,2022/03/07,67.76
BMY,2022/03/07,68.77
BR,2022/03/07,146.628
CARR,2022/03/07,43.52
CDW,2022/03/07,165.44
CE,2022/03/07,133.62
CHTR,2022/03/07,555.64
CNC,2022/03/07,83.49
CNP,2022/03/07,28.73
COP,2022/03/07,101.27
CTAS,2022/03/07,371.02
CZR,2022/03/07,69.64
DG,2022/03/07,203.72
DPZ,2022/03/07,398.931
DRE,2022/03/07,54.52
DXC,2022/03/07,28.95
EWA,2022/03/07,24.29
EWC,2022/03/07,38.06
EWG,2022/03/07,24.85
EWH,2022/03/07,21.39
EWJ,2022/03/07,59.03
EWL,2022/03/07,44.22
EWQ,2022/03/07,30.81
EWT,2022/03/07,59.36
EWU,2022/03/07,30.78
EWY,2022/03/07,67.11
EWZ,2022/03/07,33.03
FB,2022/03/07,187.47
FTV,2022/03/07,57.78
GOOG,2022/03/07,2529.29
GPC,2022/03/07,118.59
GSG,2022/03/07,24.91
HIG,2022/03/07,65.38
HIGH.L,2022/03/07,5.196
HST,2022/03/07,16.57
HYG,2022/03/07,81.82
IAU,2022/03/07,37.95
ICLN,2022/03/07,19.9
IEAA.L,2022/03/07,5.127
IEF,2022/03/07,112.52
IEFM.L,2022/03/07,683.6
IEMG,2022/03/07,52.76
IEUS,2022/03/07,53.16
IEVL.L,2022/03/07,6.549
IGF,2022/03/07,46.85
INDA,2022/03/07,40.18
IUMO.L,2022/03/07,10.545
IUVL.L,2022/03/07,8.902
IVV,2022/03/07,419.806
IWM,2022/03/07,193.34
IXN,2022/03/07,52.37
JPEA.L,2022/03/07,5.196
JPM,2022/03/07,129.21
KR,2022/03/07,57.82
LQD,2022/03/07,122.14
MCHI,2022/03/07,53.36
MVEU.L,2022/03/07,49.725
OGN,2022/03/07,38.42
PG,2022/03/07,152.84
PPL,2022/03/07,25.951
PRU,2022/03/07,102.05
PYPL,2022/03/07,93.61
RE,2022/03/07,265.827
REET,2022/03/07,27.52
ROL,2022/03/07,33.96
ROST,2022/03/07,84.819
SEGA.L,2022/03/07,106.18
SHY,2022/03/07,84.43
SLV,2022/03/07,23.7
SPMV.L,2022/03/07,77.81
TLT,2022/03/07,139.17
UNH,2022/03/07,485.434
URI,2022/03/07,298.24
V,2022/03/07,190.7
VRSK,2022/03/07,187.181
VXX,2022/03/07,28.49
WRK,2022/03/07,41.51
XLB,2022/03/07,79.88
XLC,2022/03/07,64.117
XLE,2022/03/07,75.617
XLF,2022/03/07,35.73
XLI,2022/03/07,97.376
XLK,2022/03/07,144.004
XLP,2022/03/07,74.154
XLU,2022/03/07,71.334
XLV,2022/03/07,129.805
XLY,2022/03/07,162.94
XOM,2022/03/07,87.12
ABBV,2022/03/08,147.15
ACN,2022/03/08,301.62
AEP,2022/03/08,95.25
AIZ,2022/03/08,166.19
ALLE,2022/03/08,111.022
AMAT,2022/03/08,124.15
AMP,2022/03/08,261.39
AMZN,2022/03/08,2720.29
AVB,2022/03/08,239.95
AVY,2022/03/08,158.92
AXP,2022/03/08,160.05
BDX,2022/03/08,264.26
BF-B,2022/03/08,64.05
BMY,2022/03/08,67.74
BR,2022/03/08,144.438
CARR,2022/03/08,43.58
CDW,2022/03/08,164.78
CE,2022/03/08,133.9
CHTR,2022/03/08,551.43
CNC,2022/03/08,81.57
CNP,2022/03/08,28.54
COP,2022/03/08,98.8
CTAS,2022/03/08,367.51
CZR,2022/03/08,70.24
DG,2022/03/08,199.26
DPZ,2022/03/08,392.031
DRE,2022/03/08,53.65
DXC,2022/03/08,30.86
EWA,2022/03/08,23.91
EWC,2022/03/08,37.69
EWG,2022/03/08,25.67
EWH,2022/03/08,21.46
EWJ,2022/03/08,58.18
EWL,2022/03/08,44.43
EWQ,2022/03/08,31.63
EWT,2022/03/08,59.72
EWU,2022/03/08,31.17
EWY,2022/03/08,67.58
EWZ,2022/03/08,33.24
FB,2022/03/08,190.29
FTV,2022/03/08,56.29
GOOG,2022/03/08,2545.57
GPC,2022/03/08,119.76
GSG,2022/03/08,25.85
HIG,2022/03/08,65.92
HIGH.L,2022/03/08,5.192
HST,2022/03/08,17.44
HYG,2022/03/08,81.53
IAU,2022/03/08,38.98
ICLN,2022/03/08,21.27
IEAA.L,2022/03/08,5.106
IEF,2022/03/08,111.79
IEFM.L,2022/03/08,678.35
IEMG,2022/03/08,52.96
IEUS,2022/03/08,55.11
IEVL.L,2022/03/08,6.587
IGF,2022/03/08,46.87
INDA,2022/03/08,40.92
IUMO.L,2022/03/08,10.25
IUVL.L,2022/03/08,8.725
IVV,2022/03/08,416.676
IWM,2022/03/08,194.408
IXN,2022/03/08,52.34
JPEA.L,2022/03/08,5.195
JPM,2022/03/08,128.3
KR,2022/03/08,55.71
LQD,2022/03/08,121.41
MCHI,2022/03/08,52.71
MVEU.L,2022/03/08,48.725
OGN,2022/03/08,36.65
PG,2022/03/08,146.79
PPL,2022/03/08,26.09
PRU,2022/03/08,103.7
PYPL,2022/03/08,94.9
RE,2022/03/08,265.836
REET,2022/03/08,27.49
ROL,2022/03/08,32.57
ROST,2022/03/08,85.557
SEGA.L,2022/03/08,105.96
SHY,2022/03/08,84.32
SLV,2022/03/08,24.45
SPMV.L,2022/03/08,76.16
TLT,2022/03/08,137.77
UNH,2022/03/08,472.063
URI,2022/03/08,310.68
V,2022/03/08,191.71
VRSK,2022/03/08,184.715
VXX,2022/03/08,28.15
WRK,2022/03/08,40.78
XLB,2022/03/08,79.471
XLC,2022/03/08,63.958
XLE,2022/03/08,76.805
XLF,2022/03/08,35.521
XLI,2022/03/08,96.778
XLK,2022/03/08,143.306
XLP,2022/03/08,72.153
XLU,2022/03/08,70.231
XLV,2022/03/08,127.153
XLY,2022/03/08,163.279
XOM,2022/03/08,87.78
ABBV,2022/03/09,148.84
ACN,2022/03/09,309.42
AEP,2022/03/09,95.01
AIZ,2022/03/09,168.77
ALLE,2022/03/09,114.12
AMAT,2022/03/09,128.62
AMP,2022/03/09,274.52
AMZN,2022/03/09,2785.58
AVB,2022/03/09,244.46
AVY,2022/03/09,165.8
AXP,2022/03/09,168.65
BDX,2022/03/09,264.84
BF-B,2022/03/09,64.24
BMY,2022/03/09,68.13
BR,2022/03/09,146.419
CARR,2022/03/09,44.59
CDW,2022/03/09,171
CE,2022/03/09,138.61
CHTR,2022/03/09,557.75
CNC,2022/03/09,82.85
CNP,2022/03/09,28.38
COP,2022/03/09,96.21
CTAS,2022/03/09,374.16
CZR,2022/03/09,77.59
DG,2022/03/09,207.22
DPZ,2022/03/09,396.059
DRE,2022/03/09,54.37
DXC,2022/03/09,29.98
EWA,2022/03/09,24.42
EWC,2022/03/09,38.45
EWG,2022/03/09,27.69
EWH,2022/03/09,21.39
EWJ,2022/03/09,59.75
EWL,2022/03/09,46.42
EWQ,2022/03/09,33.78
EWT,2022/03/09,61.24
EWU,2022/03/09,32.14
EWY,2022/03/09,70.25
EWZ,2022/03/09,34.14
FB,2022/03/09,198.5
FTV,2022/03/09,58.49
GOOG,2022/03/09,2677.32
GPC,2022/03/09,121.51
GSG,2022/03/09,23.08
HIG,2022/03/09,67.89
HIGH.L,2022/03/09,5.252
HST,2022/03/09,18.07
HYG,2022/03/09,82.21
IAU,2022/03/09,37.84
ICLN,2022/03/09,21.33
IEAA.L,2022/03/09,5.119
IEF,2022/03/09,111.1
IEFM.L,2022/03/09,717.1
IEMG,2022/03/09,54.48
IEUS,2022/03/09,57.83
IEVL.L,2022/03/09,6.9
IGF,2022/03/09,47.85
INDA,2022/03/09,42.61
IUMO.L,2022/03/09,10.6
IUVL.L,2022/03/09,8.892
IVV,2022/03/09,427.889
IWM,2022/03/09,199.887
IXN,2022/03/09,54.5
JPEA.L,2022/03/09,5.289
JPM,2022/03/09,133.44
KR,2022/03/09,55.34
LQD,2022/03/09,121.62
MCHI,2022/03/09,53.74
MVEU.L,2022/03/09,50.6
OGN,2022/03/09,36.46
PG,2022/03/09,148.77
PPL,2022/03/09,26.69
PRU,2022/03/09,106.89
PYPL,2022/03/09,100.22
RE,2022/03/09,273.91
REET,2022/03/09,28.018
ROL,2022/03/09,32.72
ROST,2022/03/09,88.257
SEGA.L,2022/03/09,106.08
SHY,2022/03/09,84.27
SLV,2022/03/09,23.8
SPMV.L,2022/03/09,77.045
TLT,2022/03/09,136.42
UNH,2022/03/09,484.137
URI,2022/03/09,315.79
V,2022/03/09,199.76
VRSK,2022/03/09,186.951
VXX,2022/03/09,27.03
WRK,2022/03/09,42.49
XLB,2022/03/09,81.932
XLC,2022/03/09,65.873
XLE,2022/03/09,74.458
XLF,2022/03/09,36.826
XLI,2022/03/09,98.533
XLK,2022/03/09,148.975
XLP,2022/03/09,72.641
XLU,2022/03/09,69.735
XLV,2022/03/09,129.556
XLY,2022/03/09,168.531
XOM,2022/03/09,82.79
ABBV,2022/03/10,149.17
ACN,2022/03/10,309.52
AEP,2022/03/10,95.99
AIZ,2022/03/10,169.4
ALLE,2022/03/10,112.486
AMAT,2022/03/10,124.97
AMP,2022/03/10,272.54
AMZN,2022/03/10,2936.35
AVB,2022/03/10,244.02
AVY,2022/03/10,163.65
AXP,2022/03/10,169.6
BDX,2022/03/10,257.72
BF-B,2022/03/10,63.56
BMY,2022/03/10,68.42
BR,2022/03/10,145.015
CARR,2022/03/10,43.81
CDW,2022/03/10,170.12
CE,2022/03/10,138.58
CHTR,2022/03/10,562.13
CNC,2022/03/10,84.44
CNP,2022/03/10,28.7
COP,2022/03/10,99.72
CTAS,2022/03/10,369.75
CZR,2022/03/10,77.46
DG,2022/03/10,206.08
DPZ,2022/03/10,392.021
DRE,2022/03/10,54.51
DXC,2022/03/10,30.11
EWA,2022/03/10,24.64
EWC,2022/03/10,38.72
EWG,2022/03/10,26.81
EWH,2022/03/10,21.45
EWJ,2022/03/10,59.5
EWL,2022/03/10,45.74
EWQ,2022/03/10,32.85
EWT,2022/03/10,61.38
EWU,2022/03/10,31.71
EWY,2022/03/10,68.13
EWZ,2022/03/10,34.24
FB,2022/03/10,195.21
FTV,2022/03/10,56.48
GOOG,2022/03/10,2653.64
GPC,2022/03/10,122.76
GSG,2022/03/10,22.58
HIG,2022/03/10,66.86
HIGH.L,2022/03/10,5.218
HST,2022/03/10,18.25
HYG,2022/03/10,81.52
IAU,2022/03/10,37.97
ICLN,2022/03/10,21.03
IEAA.L,2022/03/10,5.082
IEF,2022/03/10,110.59
IEFM.L,2022/03/10,701.9
IEMG,2022/03/10,53.53
IEUS,2022/03/10,56.15
IEVL.L,2022/03/10,6.792
IGF,2022/03/10,47.64
INDA,2022/03/10,42.49
IUMO.L,2022/03/10,10.48
IUVL.L,2022/03/10,8.728
IVV,2022/03/10,425.925
IWM,2022/03/10,199.528
IXN,2022/03/10,53.57
JPEA.L,2022/03/10,5.262
JPM,2022/03/10,131.86
KR,2022/03/10,57.09
LQD,2022/03/10,120.23
MCHI,2022/03/10,51.38
MVEU.L,2022/03/10,49.932
OGN,2022/03/10,35.98
PG,2022/03/10,144.94
PPL,2022/03/10,26.58
PRU,2022/03/10,106.15
PYPL,2022/03/10,98.55
RE,2022/03/10,272.23
REET,2022/03/10,28.058
ROL,2022/03/10,32.6
ROST,2022/03/10,89.284
SEGA.L,2022/03/10,105.255
SHY,2022/03/10,84.2
SLV,2022/03/10,24.01
SPMV.L,2022/03/10,76.25
TLT,2022/03/10,134.46
UNH,2022/03/10,489.99
URI,2022/03/10,321.25
V,2022/03/10,197.97
VRSK,2022/03/10,184.525
VXX,2022/03/10,25.83
WRK,2022/03/10,42.61
XLB,2022/03/10,82.151
XLC,2022/03/10,65.384
XLE,2022/03/10,76.736
XLF,2022/03/10,36.517
XLI,2022/03/10,98.403
XLK,2022/03/10,146.37
XLP,2022/03/10,71.954
XLU,2022/03/10,70.201
XLV,2022/03/10,129.506
XLY,2022/03/10,169.73
XOM,2022/03/10,85.36
ABBV,2022/03/11,149.06
ACN,2022/03/11,311.58
AEP,2022/03/11,95.54
AIZ,2022/03/11,169.95
ALLE,2022/03/11,110.902
AMAT,2022/03/11,123.64
AMP,2022/03/11,271.87
AMZN,2022/03/11,2910.49
AVB,2022/03/11,241.12
AVY,2022/03/11,162.38
AXP,2022/03/11,167.9
BDX,2022/03/11,254.51
BF-B,2022/03/11,62.55
BMY,2022/03/11,68.87
BR,2022/03/11,143.96
CARR,2022/03/11,43.22
CDW,2022/03/11,170
CE,2022/03/11,138.01
CHTR,2022/03/11,559.29
CNC,2022/03/11,83.41
CNP,2022/03/11,28.45
COP,2022/03/11,98.41
CTAS,2022/03/11,369.3
CZR,2022/03/11,74.81
DG,2022/03/11,205.55
DPZ,2022/03/11,385.27
DRE,2022/03/11,53.63
DXC,2022/03/11,30.56
EWA,2022/03/11,24.38
EWC,2022/03/11,38.52
EWG,2022/03/11,26.71
EWH,2022/03/11,21.57
EWJ,2022/03/11,58.54
EWL,2022/03/11,45.16
EWQ,2022/03/11,32.51
EWT,2022/03/11,60.4
EWU,2022/03/11,31.5
EWY,2022/03/11,67.11
EWZ,2022/03/11,33.37
FB,2022/03/11,187.61
FTV,2022/03/11,56.24
GOOG,2022/03/11,2609.51
GPC,2022/03/11,121.69
GSG,2022/03/11,23
HIG,2022/03/11,66.95
HIGH.L,2022/03/11,5.21
HST,2022/03/11,18.02
HYG,2022/03/11,80.93
IAU,2022/03/11,37.68
ICLN,2022/03/11,20.71
IEAA.L,2022/03/11,5.082
IEF,2022/03/11,110.56
IEFM.L,2022/03/11,706.9
IEMG,2022/03/11,52.47
IEUS,2022/03/11,57.19
IEVL.L,2022/03/11,6.848
IGF,2022/03/11,47.37
INDA,2022/03/11,42.09
IUMO.L,2022/03/11,10.58
IUVL.L,2022/03/11,8.822
IVV,2022/03/11,420.613
IWM,2022/03/11,196.344
IXN,2022/03/11,52.54
JPEA.L,2022/03/11,5.267
JPM,2022/03/11,128.89
KR,2022/03/11,55.89
LQD,2022/03/11,120.18
MCHI,2022/03/11,49.1
MVEU.L,2022/03/11,50.26
OGN,2022/03/11,35.83
PG,2022/03/11,143.22
PPL,2022/03/11,26.27
PRU,2022/03/11,106.05
PYPL,2022/03/11,96.57
RE,2022/03/11,269.863
REET,2022/03/11,27.819
ROL,2022/03/11,32.2
ROST,2022/03/11,87.45
SEGA.L,2022/03/11,105.25
SHY,2022/03/11,84.17
SLV,2022/03/11,23.87
SPMV.L,2022/03/11,77.14
TLT,2022/03/11,134.91
UNH,2022/03/11,482.87
URI,2022/03/11,322.75
V,2022/03/11,196.71
VRSK,2022/03/11,181.73
VXX,2022/03/11,26.34
WRK,2022/03/11,43.3
XLB,2022/03/11,81.543
XLC,2022/03/11,64.207
XLE,2022/03/11,76.122
XLF,2022/03/11,36.258
XLI,2022/03/11,97.616
XLK,2022/03/11,143.795
XLP,2022/03/11,71.118
XLU,2022/03/11,69.963
XLV,2022/03/11,128.539
XLY,2022/03/11,166.464
XOM,2022/03/11,84.92
ABBV,2022/03/14,152.1
ACN,2022/03/14,307.68
AEP,2022/03/14,94.74
AIZ,2022/03/14,170.64
ALLE,2022/03/14,111.54
AMAT,2022/03/14,120.13
AMP,2022/03/14,273.6
AMZN,2022/03/14,2837.06
AVB,2022/03/14,239.32
AVY,2022/03/14,165.93
AXP,2022/03/14,172.79
BDX,2022/03/14,256.8
BF-B,2022/03/14,62.36
BMY,2022/03/14,69.24
BR,2022/03/14,143.31
CARR,2022/03/14,42.91
CDW,2022/03/14,166.6
CE,2022/03/14,139.81
CHTR,2022/03/14,566.14
CNC,2022/03/14,84.33
CNP,2022/03/14,28.41
COP,2022/03/14,96.55
CTAS,2022/03/14,375.01
CZR,2022/03/14,71.97
DG,2022/03/14,208.69
DPZ,2022/03/14,386.18
DRE,2022/03/14,54.3
DXC,2022/03/14,30.5
EWA,2022/03/14,24.08
EWC,2022/03/14,37.92
EWG,2022/03/14,27.45
EWH,2022/03/14,21.34
EWJ,2022/03/14,58.62
EWL,2022/03/14,45.84
EWQ,2022/03/14,33.31
EWT,2022/03/14,60.1
EWU,2022/03/14,31.69
EWY,2022/03/14,66.82
EWZ,2022/03/14,32.53
FB,2022/03/14,186.63
FTV,2022/03/14,56.96
GOOG,2022/03/14,2534.82
GPC,2022/03/14,122.1
GSG,2022/03/14,22.1
HIG,2022/03/14,67.5
HIGH.L,2022/03/14,5.21
HST,2022/03/14,17.9
HYG,2022/03/14,79.97
IAU,2022/03/14,37.11
ICLN,2022/03/14,19.96
IEAA.L,2022/03/14,5.064
IEF,2022/03/14,109.16
IEFM.L,2022/03/14,719.05
IEMG,2022/03/14,51.27
IEUS,2022/03/14,58.2
IEVL.L,2022/03/14,6.933
IGF,2022/03/14,47.06
INDA,2022/03/14,42.78
IUMO.L,2022/03/14,10.405
IUVL.L,2022/03/14,8.72
IVV,2022/03/14,417.434
IWM,2022/03/14,192.332
IXN,2022/03/14,51.69
JPEA.L,2022/03/14,5.236
JPM,2022/03/14,130.17
KR,2022/03/14,55.42
LQD,2022/03/14,118.44
MCHI,2022/03/14,45.57
MVEU.L,2022/03/14,50.865
OGN,2022/03/14,32.36
PG,2022/03/14,145.05
PPL,2022/03/14,26.15
PRU,2022/03/14,109.26
PYPL,2022/03/14,96.87
RE,2022/03/14,270.46
REET,2022/03/14,27.699
ROL,2022/03/14,33.36
ROST,2022/03/14,85.76
SEGA.L,2022/03/14,105
SHY,2022/03/14,83.95
SLV,2022/03/14,23.16
SPMV.L,2022/03/14,76.57
TLT,2022/03/14,131.76
UNH,2022/03/14,487.92
URI,2022/03/14,320.26
V,2022/03/14,200.33
VRSK,2022/03/14,185.95
VXX,2022/03/14,28.81
WRK,2022/03/14,45.71
XLB,2022/03/14,81.424
XLC,2022/03/14,63.459
XLE,2022/03/14,73.844
XLF,2022/03/14,36.716
XLI,2022/03/14,97.945
XLK,2022/03/14,141.13
XLP,2022/03/14,71.496
XLU,2022/03/14,69.884
XLV,2022/03/14,129.446
XLY,2022/03/14,163.689
XOM,2022/03/14,81.88
ABBV,2022/03/15,155.88
ACN,2022/03/15,316.23
AEP,2022/03/15,96.11
AIZ,2022/03/15,173.51
ALLE,2022/03/15,114.47
AMAT,2022/03/15,124.41
AMP,2022/03/15,279.59
AMZN,2022/03/15,2947.33
AVB,2022/03/15,240.22
AVY,2022/03/15,167.13
AXP,2022/03/15,176.04
BDX,2022/03/15,258.69
BF-B,2022/03/15,63.56
BMY,2022/03/15,69.75
BR,2022/03/15,146.28
CARR,2022/03/15,45.2
CDW,2022/03/15,172.28
CE,2022/03/15,138.54
CHTR,2022/03/15,569.16
CNC,2022/03/15,85.61
CNP,2022/03/15,28.88
COP,2022/03/15,95.05
CTAS,2022/03/15,382.11
CZR,2022/03/15,74.97
DG,2022/03/15,214.25
DPZ,2022/03/15,389.91
DRE,2022/03/15,54.1
DXC,2022/03/15,31.12
EWA,2022/03/15,24.31
EWC,2022/03/15,38.1
EWG,2022/03/15,27.73
EWH,2022/03/15,20.96
EWJ,2022/03/15,59.58
EWL,2022/03/15,46.35
EWQ,2022/03/15,33.56
EWT,2022/03/15,60.02
EWU,2022/03/15,31.93
EWY,2022/03/15,67.56
EWZ,2022/03/15,31.84
FB,2022/03/15,192.03
FTV,2022/03/15,56.99
GOOG,2022/03/15,2593.21
GPC,2022/03/15,124.53
GSG,2022/03/15,21.46
HIG,2022/03/15,68.09
HIGH.L,2022/03/15,5.188
HST,2022/03/15,18.15
HYG,2022/03/15,80.57
IAU,2022/03/15,36.45
ICLN,2022/03/15,20.28
IEAA.L,2022/03/15,5.073
IEF,2022/03/15,109.11
IEFM.L,2022/03/15,716.05
IEMG,2022/03/15,51.41
IEUS,2022/03/15,57.99
IEVL.L,2022/03/15,6.949
IGF,2022/03/15,47.48
INDA,2022/03/15,43.31
IUMO.L,2022/03/15,10.49
IUVL.L,2022/03/15,8.768
IVV,2022/03/15,426.623
IWM,2022/03/15,195.396
IXN,2022/03/15,53.23
JPEA.L,2022/03/15,5.25
JPM,2022/03/15,132.48
KR,2022/03/15,56.19
LQD,2022/03/15,119.37
MCHI,2022/03/15,45.23
MVEU.L,2022/03/15,50.815
OGN,2022/03/15,32.29
PG,2022/03/15,150.27
PPL,2022/03/15,26.5
PRU,2022/03/15,109.79
PYPL,2022/03/15,100.46
RE,2022/03/15,278.76
REET,2022/03/15,27.829
ROL,2022/03/15,33.43
ROST,2022/03/15,87.46
SEGA.L,2022/03/15,105.14
SHY,2022/03/15,83.98
SLV,2022/03/15,23
SPMV.L,2022/03/15,77.41
TLT,2022/03/15,131.53
UNH,2022/03/15,497.91
URI,2022/03/15,328.35
V,2022/03/15,206.14
VRSK,2022/03/15,190.91
VXX,2022/03/15,28.7
WRK,2022/03/15,46.04
XLB,2022/03/15,82.36
XLC,2022/03/15,64.676
XLE,2022/03/15,71.14
XLF,2022/03/15,37.234
XLI,2022/03/15,99.499
XLK,2022/03/15,145.871
XLP,2022/03/15,73.098
XLU,2022/03/15,70.778
XLV,2022/03/15,132.028
XLY,2022/03/15,169.17
XOM,2022/03/15,77.22
ABBV,2022/03/16,156.05
ACN,2022/03/16,324.91
AEP,2022/03/16,95.07
AIZ,2022/03/16,174.36
ALLE,2022/03/16,116.44
AMAT,2022/03/16,130.48
AMP,2022/03/16,294.47
AMZN,2022/03/16,3062.08
AVB,2022/03/16,243.01
AVY,2022/03/16,170.1
AXP,2022/03/16,180.61
BDX,2022/03/16,260.79
BF-B,2022/03/16,64.13
BMY,2022/03/16,69.66
BR,2022/03/16,150.88
CARR,2022/03/16,46.88
CDW,2022/03/16,173.4
CE,2022/03/16,142.24
CHTR,2022/03/16,572.11
CNC,2022/03/16,86.87
CNP,2022/03/16,28.87
COP,2022/03/16,94.82
CTAS,2022/03/16,389.13
CZR,2022/03/16,79.34
DG,2022/03/16,212.49
DPZ,2022/03/16,405.47
DRE,2022/03/16,54.87
DXC,2022/03/16,32.76
EWA,2022/03/16,25.12
EWC,2022/03/16,38.85
EWG,2022/03/16,28.93
EWH,2022/03/16,22.35
EWJ,2022/03/16,60.91
EWL,2022/03/16,47.31
EWQ,2022/03/16,35.04
EWT,2022/03/16,61.41
EWU,2022/03/16,32.79
EWY,2022/03/16,70.52
EWZ,2022/03/16,32.94
FB,2022/03/16,203.63
FTV,2022/03/16,59.58
GOOG,2022/03/16,2673.81
GPC,2022/03/16,128.07
GSG,2022/03/16,21.29
HIG,2022/03/16,69.74
HIGH.L,2022/03/16,5.243
HST,2022/03/16,18.86
HYG,2022/03/16,81.7
IAU,2022/03/16,36.65
ICLN,2022/03/16,20.82
IEAA.L,2022/03/16,5.076
IEF,2022/03/16,108.96
IEFM.L,2022/03/16,747.4
IEMG,2022/03/16,55.26
IEUS,2022/03/16,60.72
IEVL.L,2022/03/16,7.135
IGF,2022/03/16,48
INDA,2022/03/16,44.35
IUMO.L,2022/03/16,10.852
IUVL.L,2022/03/16,8.968
IVV,2022/03/16,436.072
IWM,2022/03/16,201.544
IXN,2022/03/16,55.29
JPEA.L,2022/03/16,5.317
JPM,2022/03/16,138.4
KR,2022/03/16,54.99
LQD,2022/03/16,120.39
MCHI,2022/03/16,54.7
MVEU.L,2022/03/16,51.91
OGN,2022/03/16,32.9
PG,2022/03/16,149.76
PPL,2022/03/16,26.62
PRU,2022/03/16,113.96
PYPL,2022/03/16,107.92
RE,2022/03/16,283.4
REET,2022/03/16,28.237
ROL,2022/03/16,33.76
ROST,2022/03/16,91.34
SEGA.L,2022/03/16,104.8
SHY,2022/03/16,83.9
SLV,2022/03/16,23.11
SPMV.L,2022/03/16,78.36
TLT,2022/03/16,132.82
UNH,2022/03/16,498.26
URI,2022/03/16,337.56
V,2022/03/16,211.87
VRSK,2022/03/16,195.43
VXX,2022/03/16,25.95
WRK,2022/03/16,47.34
XLB,2022/03/16,83.656
XLC,2022/03/16,66.461
XLE,2022/03/16,70.813
XLF,2022/03/16,38.28
XLI,2022/03/16,100.815
XLK,2022/03/16,150.612
XLP,2022/03/16,73.178
XLU,2022/03/16,70.648
XLV,2022/03/16,133.613
XLY,2022/03/16,174.942
XOM,2022/03/16,76.93
ABBV,2022/03/17,158.59
ACN,2022/03/17,319.5
AEP,2022/03/17,94.94
AIZ,2022/03/17,176.11
ALLE,2022/03/17,117.79
AMAT,2022/03/17,131.99
AMP,2022/03/17,299.9
AMZN,2022/03/17,3144.78
AVB,2022/03/17,245.97
AVY,2022/03/17,171.08
AXP,2022/03/17,186.97
BDX,2022/03/17,262.29
BF-B,2022/03/17,64.51
BMY,2022/03/17,70.52
BR,2022/03/17,152.29
CARR,2022/03/17,47.12
CDW,2022/03/17,176.41
CE,2022/03/17,142.57
CHTR,2022/03/17,577.65
CNC,2022/03/17,87.98
CNP,2022/03/17,29.08
COP,2022/03/17,98.83
CTAS,2022/03/17,394.98
CZR,2022/03/17,79.59
DG,2022/03/17,221.94
DPZ,2022/03/17,409.46
DRE,2022/03/17,55.73
DXC,2022/03/17,32.61
EWA,2022/03/17,25.37
EWC,2022/03/17,39.63
EWG,2022/03/17,28.93
EWH,2022/03/17,22.57
EWJ,2022/03/17,61.48
EWL,2022/03/17,48.2
EWQ,2022/03/17,35.23
EWT,2022/03/17,62.7
EWU,2022/03/17,33.08
EWY,2022/03/17,71.13
EWZ,2022/03/17,33.82
FB,2022/03/17,207.84
FTV,2022/03/17,61
GOOG,2022/03/17,2692.01
GPC,2022/03/17,128.05
GSG,2022/03/17,22.5
HIG,2022/03/17,70.34
HIGH.L,2022/03/17,5.282
HST,2022/03/17,18.84
HYG,2022/03/17,82.26
IAU,2022/03/17,36.85
ICLN,2022/03/17,21.08
IEAA.L,2022/03/17,5.086
IEF,2022/03/17,108.75
IEFM.L,2022/03/17,756.15
IEMG,2022/03/17,55.02
IEUS,2022/03/17,61.03
IEVL.L,2022/03/17,7.138
IGF,2022/03/17,48.49
INDA,2022/03/17,44.43
IUMO.L,2022/03/17,11.01
IUVL.L,2022/03/17,9.018
IVV,2022/03/17,441.494
IWM,2022/03/17,204.708
IXN,2022/03/17,55.61
JPEA.L,2022/03/17,5.392
JPM,2022/03/17,140.15
KR,2022/03/17,55.66
LQD,2022/03/17,121.57
MCHI,2022/03/17,52.64
MVEU.L,2022/03/17,52.31
OGN,2022/03/17,34.34
PG,2022/03/17,150.23
PPL,2022/03/17,26.79
PRU,2022/03/17,115.4
PYPL,2022/03/17,112.16
RE,2022/03/17,285.18
REET,2022/03/17,28.486
ROL,2022/03/17,34.25
ROST,2022/03/17,92.21
SEGA.L,2022/03/17,105.16
SHY,2022/03/17,83.87
SLV,2022/03/17,23.33
SPMV.L,2022/03/17,79.23
TLT,2022/03/17,131.83
UNH,2022/03/17,507.02
URI,2022/03/17,346.77
V,2022/03/17,213.45
VRSK,2022/03/17,202.41
VXX,2022/03/17,26.15
WRK,2022/03/17,47.82
XLB,2022/03/17,85.259
XLC,2022/03/17,67.18
XLE,2022/03/17,73.249
XLF,2022/03/17,38.758
XLI,2022/03/17,102.111
XLK,2022/03/17,151.68
XLP,2022/03/17,73.686
XLU,2022/03/17,70.946
XLV,2022/03/17,135.726
XLY,2022/03/17,177.857
XOM,2022/03/17,78.98
ABBV,2022/03/18,159.2
ACN,2022/03/18,323.95
AEP,2022/03/18,94.07
AIZ,2022/03/18,176.42
ALLE,2022/03/18,118.14
AMAT,2022/03/18,135.14
AMP,2022/03/18,300.82
AMZN,2022/03/18,3225.01
AVB,2022/03/18,245.38
AVY,2022/03/18,171.12
AXP,2022/03/18,190.72
BDX,2022/03/18,262.04
BF-B,2022/03/18,64.76
BMY,2022/03/18,71.02
BR,2022/03/18,153.59
CARR,2022/03/18,47.78
CDW,2022/03/18,179.39
CE,2022/03/18,142.85
CHTR,2022/03/18,577.32
CNC,2022/03/18,87.74
CNP,2022/03/18,29.05
COP,2022/03/18,99.6
CTAS,2022/03/18,400.37
CZR,2022/03/18,80.83
DG,2022/03/18,229.63
DPZ,2022/03/18,415.66
DRE,2022/03/18,56.28
DXC,2022/03/18,33.2
EWA,2022/03/18,25.69
EWC,2022/03/18,39.78
EWG,2022/03/18,28.91
EWH,2022/03/18,23.2
EWJ,2022/03/18,62.27
EWL,2022/03/18,48.97
EWQ,2022/03/18,35.2
EWT,2022/03/18,62.52
EWU,2022/03/18,33.34
EWY,2022/03/18,71.5
EWZ,2022/03/18,34.65
FB,2022/03/18,216.49
FTV,2022/03/18,61.9
GOOG,2022/03/18,2736.03
GPC,2022/03/18,129
GSG,2022/03/18,22.7
HIG,2022/03/18,70.85
HIGH.L,2022/03/18,5.27
HST,2022/03/18,19.03
HYG,2022/03/18,82.53
IAU,2022/03/18,36.5
ICLN,2022/03/18,21.15
IEAA.L,2022/03/18,5.09
IEF,2022/03/18,109.07
IEFM.L,2022/03/18,758.15
IEMG,2022/03/18,55.76
IEUS,2022/03/18,61.69
IEVL.L,2022/03/18,7.186
IGF,2022/03/18,48.93
INDA,2022/03/18,44.75
IUMO.L,2022/03/18,11.24
IUVL.L,2022/03/18,9.048
IVV,2022/03/18,446.218
IWM,2022/03/18,206.864
IXN,2022/03/18,56.8
JPEA.L,2022/03/18,5.377
JPM,2022/03/18,140.1
KR,2022/03/18,55.82
LQD,2022/03/18,121.81
MCHI,2022/03/18,55.06
MVEU.L,2022/03/18,52.7
OGN,2022/03/18,35.08
PG,2022/03/18,150.15
PPL,2022/03/18,26.67
PRU,2022/03/18,115.23
PYPL,2022/03/18,118.77
RE,2022/03/18,286.66
REET,2022/03/18,28.675
ROL,2022/03/18,34.2
ROST,2022/03/18,93.33
SEGA.L,2022/03/18,104.96
SHY,2022/03/18,83.85
SLV,2022/03/18,23.02
SPMV.L,2022/03/18,79.4
TLT,2022/03/18,133.44
UNH,2022/03/18,506.12
URI,2022/03/18,346.24
V,2022/03/18,219.11
VRSK,2022/03/18,208.24
VXX,2022/03/18,25
WRK,2022/03/18,47.58
XLB,2022/03/18,85.777
XLC,2022/03/18,68.057
XLE,2022/03/18,73.18
XLF,2022/03/18,38.848
XLI,2022/03/18,102.499
XLK,2022/03/18,154.784
XLP,2022/03/18,73.855
XLU,2022/03/18,70.34
XLV,2022/03/18,136.564
XLY,2022/03/18,181.601
XOM,2022/03/18,78.67
ABBV,2022/03/21,160.05
ACN,2022/03/21,324.5
AEP,2022/03/21,94.69
AIZ,2022/03/21,178.18
ALLE,2022/03/21,117.25
AMAT,2022/03/21,134.2
AMP,2022/03/21,298.85
AMZN,2022/03/21,3229.83
AVB,2022/03/21,244.83
AVY,2022/03/21,170.77
AXP,2022/03/21,189.09
BDX,2022/03/21,267.6
BF-B,2022/03/21,64.94
BMY,2022/03/21,71.05
BR,2022/03/21,151.96
CARR,2022/03/21,47.48
CDW,2022/03/21,178.79
CE,2022/03/21,142.75
CHTR,2022/03/21,565.77
CNC,2022/03/21,86.75
CNP,2022/03/21,29.47
COP,2022/03/21,102.76
CTAS,2022/03/21,391.3
CZR,2022/03/21,78.49
DG,2022/03/21,228.4
DPZ,2022/03/21,400.05
DRE,2022/03/21,56.06
DXC,2022/03/21,32.99
EWA,2022/03/21,25.69
EWC,2022/03/21,40.21
EWG,2022/03/21,28.44
EWH,2022/03/21,22.89
EWJ,2022/03/21,62.25
EWL,2022/03/21,48.58
EWQ,2022/03/21,34.7
EWT,2022/03/21,62.08
EWU,2022/03/21,33.35
EWY,2022/03/21,70.02
EWZ,2022/03/21,35.55
FB,2022/03/21,211.49
FTV,2022/03/21,61.38
GOOG,2022/03/21,2729.57
GPC,2022/03/21,128.28
GSG,2022/03/21,23.82
HIG,2022/03/21,71.51
HIGH.L,2022/03/21,5.289
HST,2022/03/21,18.45
HYG,2022/03/21,81.58
IAU,2022/03/21,36.78
ICLN,2022/03/21,21
IEAA.L,2022/03/21,5.077
IEF,2022/03/21,107.65
IEFM.L,2022/03/21,759.55
IEMG,2022/03/21,54.98
IEUS,2022/03/21,61.09
IEVL.L,2022/03/21,7.196
IGF,2022/03/21,48.93
INDA,2022/03/21,43.88
IUMO.L,2022/03/21,11.37
IUVL.L,2022/03/21,9.09
IVV,2022/03/21,446.128
IWM,2022/03/21,205.037
IXN,2022/03/21,56.53
JPEA.L,2022/03/21,5.322
JPM,2022/03/21,139.65
KR,2022/03/21,55.68
LQD,2022/03/21,120.12
MCHI,2022/03/21,53
MVEU.L,2022/03/21,52.76
OGN,2022/03/21,34.77
PG,2022/03/21,150.72
PPL,2022/03/21,26.9
PRU,2022/03/21,116.09
PYPL,2022/03/21,114.65
RE,2022/03/21,286.9
REET,2022/03/21,28.446
ROL,2022/03/21,33.83
ROST,2022/03/21,91.07
SEGA.L,2022/03/21,104.88
SHY,2022/03/21,83.57
SLV,2022/03/21,23.28
SPMV.L,2022/03/21,79.75
TLT,2022/03/21,130.35
UNH,2022/03/21,507.66
URI,2022/03/21,347.8
V,2022/03/21,217.04
VRSK,2022/03/21,210.32
VXX,2022/03/21,26.01
WRK,2022/03/21,46.91
XLB,2022/03/21,86.49
XLC,2022/03/21,67.42
XLE,2022/03/21,76.13
XLF,2022/03/21,38.81
XLI,2022/03/21,102.73
XLK,2022/03/21,154.49
XLP,2022/03/21,73.95
XLU,2022/03/21,70.81
XLV,2022/03/21,136.46
XLY,2022/03/21,180.08
XOM,2022/03/21,82.2
ABBV,2022/03/22,160.01
ACN,2022/03/22,327.47
AEP,2022/03/22,95.25
AIZ,2022/03/22,179.61
ALLE,2022/03/22,117.47
AMAT,2022/03/22,135.48
AMP,2022/03/22,307.48
AMZN,2022/03/22,3297.78
AVB,2022/03/22,243.07
AVY,2022/03/22,170.85
AXP,2022/03/22,191.33
BDX,2022/03/22,264.87
BF-B,2022/03/22,66.12
BMY,2022/03/22,70.82
BR,2022/03/22,152.72
CARR,2022/03/22,47.49
CDW,2022/03/22,178.15
CE,2022/03/22,143.68
CHTR,2022/03/22,574.66
CNC,2022/03/22,87.57
CNP,2022/03/22,29.47
COP,2022/03/22,101.77
CTAS,2022/03/22,393
CZR,2022/03/22,80.07
DG,2022/03/22,226.06
DPZ,2022/03/22,396.83
DRE,2022/03/22,56.08
DXC,2022/03/22,33.46
EWA,2022/03/22,25.98
EWC,2022/03/22,40.38
EWG,2022/03/22,28.86
EWH,2022/03/22,22.86
EWJ,2022/03/22,62.44
EWL,2022/03/22,48.98
EWQ,2022/03/22,35.32
EWT,2022/03/22,62.29
EWU,2022/03/22,33.77
EWY,2022/03/22,71.22
EWZ,2022/03/22,35.95
FB,2022/03/22,216.65
FTV,2022/03/22,61.42
GOOG,2022/03/22,2805.55
GPC,2022/03/22,128.16
GSG,2022/03/22,23.65
HIG,2022/03/22,71.78
HIGH.L,2022/03/22,5.278
HST,2022/03/22,18.6
HYG,2022/03/22,82
IAU,2022/03/22,36.54
ICLN,2022/03/22,21.29
IEAA.L,2022/03/22,5.065
IEF,2022/03/22,107.06
IEFM.L,2022/03/22,758.45
IEMG,2022/03/22,55.9
IEUS,2022/03/22,61.92
IEVL.L,2022/03/22,7.28
IGF,2022/03/22,49.12
INDA,2022/03/22,44.41
IUMO.L,2022/03/22,11.472
IUVL.L,2022/03/22,9.15
IVV,2022/03/22,451.57
IWM,2022/03/22,207.093
IXN,2022/03/22,57.28
JPEA.L,2022/03/22,5.283
JPM,2022/03/22,142.62
KR,2022/03/22,56.57
LQD,2022/03/22,119.83
MCHI,2022/03/22,55.04
MVEU.L,2022/03/22,52.98
OGN,2022/03/22,35.35
PG,2022/03/22,151.88
PPL,2022/03/22,26.86
PRU,2022/03/22,119
PYPL,2022/03/22,117.87
RE,2022/03/22,292.29
REET,2022/03/22,28.675
ROL,2022/03/22,33.71
ROST,2022/03/22,91.68
SEGA.L,2022/03/22,103.04
SHY,2022/03/22,83.51
SLV,2022/03/22,22.88
SPMV.L,2022/03/22,80.36
TLT,2022/03/22,128.68
UNH,2022/03/22,505.32
URI,2022/03/22,356.36
V,2022/03/22,218.47
VRSK,2022/03/22,211.15
VXX,2022/03/22,25.445
WRK,2022/03/22,47.34
XLB,2022/03/22,86.96
XLC,2022/03/22,68.68
XLE,2022/03/22,75.57
XLF,2022/03/22,39.44
XLI,2022/03/22,103.29
XLK,2022/03/22,156.71
XLP,2022/03/22,74.5
XLU,2022/03/22,70.91
XLV,2022/03/22,136.49
XLY,2022/03/22,184.55
XOM,2022/03/22,81.84
ABBV,2022/03/23,158.42
ACN,2022/03/23,320.5
AEP,2022/03/23,96.01
AIZ,2022/03/23,178.97
ALLE,2022/03/23,113.19
AMAT,2022/03/23,131.42
AMP,2022/03/23,303.16
AMZN,2022/03/23,3268.16
AVB,2022/03/23,241.44
AVY,2022/03/23,164.6
AXP,2022/03/23,186.02
BDX,2022/03/23,261.97
BF-B,2022/03/23,65.11
BMY,2022/03/23,71.38
BR,2022/03/23,150.56
CARR,2022/03/23,46.52
CDW,2022/03/23,174.53
CE,2022/03/23,141.49
CHTR,2022/03/23,559.99
CNC,2022/03/23,82.46
CNP,2022/03/23,29.62
COP,2022/03/23,104.37
CTAS,2022/03/23,401.34
CZR,2022/03/23,77
DG,2022/03/23,221.55
DPZ,2022/03/23,393.94
DRE,2022/03/23,56.01
DXC,2022/03/23,32.27
EWA,2022/03/23,26
EWC,2022/03/23,40.06
EWG,2022/03/23,28.15
EWH,2022/03/23,22.76
EWJ,2022/03/23,62.07
EWL,2022/03/23,48.38
EWQ,2022/03/23,34.6
EWT,2022/03/23,61.7
EWU,2022/03/23,33.46
EWY,2022/03/23,70.53
EWZ,2022/03/23,36.48
FB,2022/03/23,213.46
FTV,2022/03/23,60.31
GOOG,2022/03/23,2770.07
GPC,2022/03/23,127.49
GSG,2022/03/23,24.49
HIG,2022/03/23,70.88
HIGH.L,2022/03/23,5.274
HST,2022/03/23,18.36
HYG,2022/03/23,81.74
IAU,2022/03/23,36.99
ICLN,2022/03/23,20.96
IEAA.L,2022/03/23,5.072
IEF,2022/03/23,107.78
IEFM.L,2022/03/23,755.3
IEMG,2022/03/23,55.52
IEUS,2022/03/23,60.71
IEVL.L,2022/03/23,7.227
IGF,2022/03/23,49.02
INDA,2022/03/23,43.57
IUMO.L,2022/03/23,11.478
IUVL.L,2022/03/23,9.112
IVV,2022/03/23,445.909
IWM,2022/03/23,203.5
IXN,2022/03/23,56.5
JPEA.L,2022/03/23,5.275
JPM,2022/03/23,139.78
KR,2022/03/23,56.45
LQD,2022/03/23,120.17
MCHI,2022/03/23,54.69
MVEU.L,2022/03/23,52.555
OGN,2022/03/23,35.34
PG,2022/03/23,150.82
PPL,2022/03/23,26.89
PRU,2022/03/23,116.94
PYPL,2022/03/23,114.65
RE,2022/03/23,291.84
REET,2022/03/23,28.287
ROL,2022/03/23,33.42
ROST,2022/03/23,89.74
SEGA.L,2022/03/23,103.09
SHY,2022/03/23,83.58
SLV,2022/03/23,23.24
SPMV.L,2022/03/23,79.71
TLT,2022/03/23,131.5
UNH,2022/03/23,503.23
URI,2022/03/23,354.43
V,2022/03/23,214.68
VRSK,2022/03/23,207.65
VXX,2022/03/23,25.49
WRK,2022/03/23,46.12
XLB,2022/03/23,86.56
XLC,2022/03/23,67.74
XLE,2022/03/23,76.87
XLF,2022/03/23,38.71
XLI,2022/03/23,102.3
XLK,2022/03/23,154.3
XLP,2022/03/23,73.9
XLU,2022/03/23,71.01
XLV,2022/03/23,134.04
XLY,2022/03/23,182.26
XOM,2022/03/23,83.13
ABBV,2022/03/24,160.28
ACN,2022/03/24,325.29
AEP,2022/03/24,96.44
AIZ,2022/03/24,182.87
ALLE,2022/03/24,112.59
AMAT,2022/03/24,138.59
AMP,2022/03/24,311.72
AMZN,2022/03/24,3272.99
AVB,2022/03/24,241.703
AVY,2022/03/24,166.82
AXP,2022/03/24,188.89
BDX,2022/03/24,263.09
BF-B,2022/03/24,66.43
BMY,2022/03/24,72.41
BR,2022/03/24,151.92
CARR,2022/03/24,46.17
CDW,2022/03/24,175.84
CE,2022/03/24,143.86
CHTR,2022/03/24,559.32
CNC,2022/03/24,84.71
CNP,2022/03/24,29.78
COP,2022/03/24,104.228
CTAS,2022/03/24,410.41
CZR,2022/03/24,78.99
DG,2022/03/24,220.9
DPZ,2022/03/24,393.2
DRE,2022/03/24,56.09
DXC,2022/03/24,32.77
EWA,2022/03/24,26.36
EWC,2022/03/24,40.19
EWG,2022/03/24,28.31
EWH,2022/03/24,22.92
EWJ,2022/03/24,62.75
EWL,2022/03/24,48.77
EWQ,2022/03/24,34.87
EWT,2022/03/24,62.26
EWU,2022/03/24,33.69
EWY,2022/03/24,70.96
EWZ,2022/03/24,37.13
FB,2022/03/24,219.57
FTV,2022/03/24,61.32
GOOG,2022/03/24,2826.24
GPC,2022/03/24,128.09
GSG,2022/03/24,24.19
HIG,2022/03/24,71.64
HIGH.L,2022/03/24,5.267
HST,2022/03/24,18.672
HYG,2022/03/24,81.91
IAU,2022/03/24,37.29
ICLN,2022/03/24,21.29
IEAA.L,2022/03/24,5.063
IEF,2022/03/24,107.18
IEFM.L,2022/03/24,751.75
IEMG,2022/03/24,55.89
IEUS,2022/03/24,60.57
IEVL.L,2022/03/24,7.252
IGF,2022/03/24,49.66
INDA,2022/03/24,44.27
IUMO.L,2022/03/24,11.45
IUVL.L,2022/03/24,9.132
IVV,2022/03/24,452.36
IWM,2022/03/24,205.84
IXN,2022/03/24,57.95
JPEA.L,2022/03/24,5.278
JPM,2022/03/24,140.69
KR,2022/03/24,56.75
LQD,2022/03/24,120.22
MCHI,2022/03/24,54.18
MVEU.L,2022/03/24,52.695
OGN,2022/03/24,35.3
PG,2022/03/24,151.08
PPL,2022/03/24,27.33
PRU,2022/03/24,119.16
PYPL,2022/03/24,116.05
RE,2022/03/24,295
REET,2022/03/24,28.47
ROL,2022/03/24,33.54
ROST,2022/03/24,90.42
SEGA.L,2022/03/24,103.349
SHY,2022/03/24,83.56
SLV,2022/03/24,23.61
SPMV.L,2022/03/24,79.9
TLT,2022/03/24,130.47
UNH,2022/03/24,513.46
URI,2022/03/24,358.98
V,2022/03/24,217.31
VRSK,2022/03/24,208.24
VXX,2022/03/24,25.2
WRK,2022/03/24,47.12
XLB,2022/03/24,88.3
XLC,2022/03/24,68.85
XLE,2022/03/24,77.06
XLF,2022/03/24,39.02
XLI,2022/03/24,103.08
XLK,2022/03/24,158.31
XLP,2022/03/24,74.42
XLU,2022/03/24,71.74
XLV,2022/03/24,135.64
XLY,2022/03/24,183.68
XOM,2022/03/24,83.38
ABBV,2022/03/25,161.33
ACN,2022/03/25,327.71
AEP,2022/03/25,96.84
AIZ,2022/03/25,184.48
ALLE,2022/03/25,112.3
AMAT,2022/03/25,137.06
AMP,2022/03/25,314.63
AMZN,2022/03/25,3295.47
AVB,2022/03/25,245.718
AVY,2022/03/25,173.14
AXP,2022/03/25,190.28
BDX,2022/03/25,265.67
BF-B,2022/03/25,66.65
BMY,2022/03/25,72.743
BR,2022/03/25,152.77
CARR,2022/03/25,46.39
CDW,2022/03/25,176.15
CE,2022/03/25,144.11
CHTR,2022/03/25,558.26
CNC,2022/03/25,85.59
CNP,2022/03/25,30.41
COP,2022/03/25,107.18
CTAS,2022/03/25,413.32
CZR,2022/03/25,77.4
DG,2022/03/25,221.47
DPZ,2022/03/25,394.74
DRE,2022/03/25,56.75
DXC,2022/03/25,33.54
EWA,2022/03/25,26.5
EWC,2022/03/25,40.59
EWG,2022/03/25,28.31
EWH,2022/03/25,22.7
EWJ,2022/03/25,62.74
EWL,2022/03/25,48.81
EWQ,2022/03/25,34.89
EWT,2022/03/25,61.81
EWU,2022/03/25,33.86
EWY,2022/03/25,70.17
EWZ,2022/03/25,37.69
FB,2022/03/25,221.82
FTV,2022/03/25,61.55
GOOG,2022/03/25,2830.43
GPC,2022/03/25,128.54
GSG,2022/03/25,24.38
HIG,2022/03/25,72.71
HIGH.L,2022/03/25,5.269
HST,2022/03/25,19.061
HYG,2022/03/25,81.32
IAU,2022/03/25,37.16
ICLN,2022/03/25,21.04
IEAA.L,2022/03/25,5.054
IEF,2022/03/25,106.08
IEFM.L,2022/03/25,750.8
IEMG,2022/03/25,55.42
IEUS,2022/03/25,60.87
IEVL.L,2022/03/25,7.254
IGF,2022/03/25,50.27
INDA,2022/03/25,44.25
IUMO.L,2022/03/25,11.48
IUVL.L,2022/03/25,9.208
IVV,2022/03/25,454.64
IWM,2022/03/25,206.12
IXN,2022/03/25,57.73
JPEA.L,2022/03/25,5.268
JPM,2022/03/25,141.92
KR,2022/03/25,57
LQD,2022/03/25,119.27
MCHI,2022/03/25,53.09
MVEU.L,2022/03/25,52.7
OGN,2022/03/25,34.99
PG,2022/03/25,152.83
PPL,2022/03/25,27.59
PRU,2022/03/25,120.86
PYPL,2022/03/25,113.76
RE,2022/03/25,299.01
REET,2022/03/25,28.8
ROL,2022/03/25,33.81
ROST,2022/03/25,90.22
SEGA.L,2022/03/25,102.914
SHY,2022/03/25,83.33
SLV,2022/03/25,23.48
SPMV.L,2022/03/25,80.58
TLT,2022/03/25,128.66
UNH,2022/03/25,513.03
URI,2022/03/25,363.67
V,2022/03/25,218.43
VRSK,2022/03/25,208
VXX,2022/03/25,25.2
WRK,2022/03/25,47.96
XLB,2022/03/25,89.29
XLC,2022/03/25,69.18
XLE,2022/03/25,78.75
XLF,2022/03/25,39.52
XLI,2022/03/25,103.72
XLK,2022/03/25,158.22
XLP,2022/03/25,75.04
XLU,2022/03/25,72.78
XLV,2022/03/25,136.27
XLY,2022/03/25,183.36
XOM,2022/03/25,85.2
ABBV,2022/03/28,161.97
ACN,2022/03/28,330.74
AEP,2022/03/28,97.61
AIZ,2022/03/28,183.67
ALLE,2022/03/28,113.48
AMAT,2022/03/28,137.66
AMP,2022/03/28,311.1
AMZN,2022/03/28,3379.81
AVB,2022/03/28,248.451
AVY,2022/03/28,173.5
AXP,2022/03/28,189.7
BDX,2022/03/28,261.6
BF-B,2022/03/28,66.84
BMY,2022/03/28,72.574
BR,2022/03/28,154.42
CARR,2022/03/28,46.89
CDW,2022/03/28,177.31
CE,2022/03/28,143.81
CHTR,2022/03/28,565.25
CNC,2022/03/28,85.24
CNP,2022/03/28,30.38
COP,2022/03/28,103.192
CTAS,2022/03/28,423.24
CZR,2022/03/28,76.88
DG,2022/03/28,226.3
DPZ,2022/03/28,399.07
DRE,2022/03/28,57.64
DXC,2022/03/28,32.93
EWA,2022/03/28,26.37
EWC,2022/03/28,40.37
EWG,2022/03/28,28.63
EWH,2022/03/28,22.68
EWJ,2022/03/28,61.8
EWL,2022/03/28,48.8
EWQ,2022/03/28,35.14
EWT,2022/03/28,61.38
EWU,2022/03/28,33.54
EWY,2022/03/28,70.88
EWZ,2022/03/28,37.4
FB,2022/03/28,223.59
FTV,2022/03/28,62.08
GOOG,2022/03/28,2839
GPC,2022/03/28,127.64
GSG,2022/03/28,22.97
HIG,2022/03/28,72.4
HIGH.L,2022/03/28,5.274
HST,2022/03/28,19.071
HYG,2022/03/28,81.83
IAU,2022/03/28,36.48
ICLN,2022/03/28,21.13
IEAA.L,2022/03/28,5.057
IEF,2022/03/28,106.32
IEFM.L,2022/03/28,759.2
IEMG,2022/03/28,55.62
IEUS,2022/03/28,60.88
IEVL.L,2022/03/28,7.272
IGF,2022/03/28,50.17
INDA,2022/03/28,44.6
IUMO.L,2022/03/28,11.525
IUVL.L,2022/03/28,9.168
IVV,2022/03/28,457.83
IWM,2022/03/28,206.19
IXN,2022/03/28,58.39
JPEA.L,2022/03/28,5.312
JPM,2022/03/28,140.87
KR,2022/03/28,57
LQD,2022/03/28,119.93
MCHI,2022/03/28,53.71
MVEU.L,2022/03/28,53.04
OGN,2022/03/28,35.17
PG,2022/03/28,153.88
PPL,2022/03/28,27.77
PRU,2022/03/28,120.06
PYPL,2022/03/28,116.17
RE,2022/03/28,297.77
REET,2022/03/28,29.03
ROL,2022/03/28,34.42
ROST,2022/03/28,91.56
SEGA.L,2022/03/28,102.72
SHY,2022/03/28,83.25
SLV,2022/03/28,22.93
SPMV.L,2022/03/28,81.11
TLT,2022/03/28,129.76
UNH,2022/03/28,513.2
URI,2022/03/28,363.4
V,2022/03/28,220.77
VRSK,2022/03/28,211.6
VXX,2022/03/28,25.73
WRK,2022/03/28,47.51
XLB,2022/03/28,88.89
XLC,2022/03/28,69.4
XLE,2022/03/28,76.8
XLF,2022/03/28,39.41
XLI,2022/03/28,103.75
XLK,2022/03/28,160.1
XLP,2022/03/28,75.35
XLU,2022/03/28,73.25
XLV,2022/03/28,137.26
XLY,2022/03/28,188.25
XOM,2022/03/28,82.81
ABBV,2022/03/29,162.18
ACN,2022/03/29,340.69
AEP,2022/03/29,98.69
AIZ,2022/03/29,181.31
ALLE,2022/03/29,115.05
AMAT,2022/03/29,141.44
AMP,2022/03/29,312.22
AMZN,2022/03/29,3386.3
AVB,2022/03/29,256.67
AVY,2022/03/29,178.9
AXP,2022/03/29,190.94
BDX,2022/03/29,263.19
BF-B,2022/03/29,67.53
BMY,2022/03/29,72.694
BR,2022/03/29,157.48
CARR,2022/03/29,48.08
CDW,2022/03/29,180.96
CE,2022/03/29,146.33
CHTR,2022/03/29,572.33
CNC,2022/03/29,84.93
CNP,2022/03/29,30.8
COP,2022/03/29,100.39
CTAS,2022/03/29,431.51
CZR,2022/03/29,81.23
DG,2022/03/29,228.52
DPZ,2022/03/29,412.01
DRE,2022/03/29,58.7
DXC,2022/03/29,33.93
EWA,2022/03/29,26.68
EWC,2022/03/29,40.59
EWG,2022/03/29,29.56
EWH,2022/03/29,22.93
EWJ,2022/03/29,63.02
EWL,2022/03/29,49.76
EWQ,2022/03/29,36.41
EWT,2022/03/29,62.1
EWU,2022/03/29,33.81
EWY,2022/03/29,72.5
EWZ,2022/03/29,37.86
FB,2022/03/29,229.86
FTV,2022/03/29,63.28
GOOG,2022/03/29,2865
GPC,2022/03/29,130.28
GSG,2022/03/29,23.05
HIG,2022/03/29,73.38
HIGH.L,2022/03/29,5.326
HST,2022/03/29,19.79
HYG,2022/03/29,82.84
IAU,2022/03/29,36.5
ICLN,2022/03/29,21.44
IEAA.L,2022/03/29,5.064
IEF,2022/03/29,106.85
IEFM.L,2022/03/29,781.6
IEMG,2022/03/29,56.56
IEUS,2022/03/29,62.54
IEVL.L,2022/03/29,7.341
IGF,2022/03/29,50.67
INDA,2022/03/29,45.38
IUMO.L,2022/03/29,11.775
IUVL.L,2022/03/29,9.31
IVV,2022/03/29,463.67
IWM,2022/03/29,211.71
IXN,2022/03/29,59.67
JPEA.L,2022/03/29,5.393
JPM,2022/03/29,141.18
KR,2022/03/29,56.39
LQD,2022/03/29,120.94
MCHI,2022/03/29,54.73
MVEU.L,2022/03/29,53.545
OGN,2022/03/29,35.32
PG,2022/03/29,155.46
PPL,2022/03/29,28.44
PRU,2022/03/29,120.86
PYPL,2022/03/29,121.18
RE,2022/03/29,302.58
REET,2022/03/29,29.83
ROL,2022/03/29,35.15
ROST,2022/03/29,95.55
SEGA.L,2022/03/29,103.81
SHY,2022/03/29,83.29
SLV,2022/03/29,22.91
SPMV.L,2022/03/29,82.21
TLT,2022/03/29,130.74
UNH,2022/03/29,510.73
URI,2022/03/29,365.2
V,2022/03/29,228.12
VRSK,2022/03/29,214.8
VXX,2022/03/29,24.85
WRK,2022/03/29,47.99
XLB,2022/03/29,89.64
XLC,2022/03/29,70.61
XLE,2022/03/29,76.6
XLF,2022/03/29,39.5
XLI,2022/03/29,104.71
XLK,2022/03/29,163.5
XLP,2022/03/29,76.02
XLU,2022/03/29,73.93
XLV,2022/03/29,138.07
XLY,2022/03/29,191.53
XOM,2022/03/29,82.37
ABBV,2022/03/30,163.75
ACN,2022/03/30,338.46
AEP,2022/03/30,99.42
AIZ,2022/03/30,182.17
ALLE,2022/03/30,113.35
AMAT,2022/03/30,135.8
AMP,2022/03/30,310.6
AMZN,2022/03/30,3326.02
AVB,2022/03/30,251.95
AVY,2022/03/30,176.83
AXP,2022/03/30,189.76
BDX,2022/03/30,263.015
BF-B,2022/03/30,67.31
BMY,2022/03/30,73.18
BR,2022/03/30,155.84
CARR,2022/03/30,47.57
CDW,2022/03/30,178.82
CE,2022/03/30,144.64
CHTR,2022/03/30,570.12
CNC,2022/03/30,86.36
CNP,2022/03/30,30.78
COP,2022/03/30,101.1
CTAS,2022/03/30,432.01
CZR,2022/03/30,77.53
DG,2022/03/30,227.47
DPZ,2022/03/30,406.27
DRE,2022/03/30,59.11
DXC,2022/03/30,33.1
EWA,2022/03/30,26.7
EWC,2022/03/30,40.66
EWG,2022/03/30,29.18
EWH,2022/03/30,23.01
EWJ,2022/03/30,62.36
EWL,2022/03/30,49.66
EWQ,2022/03/30,36.21
EWT,2022/03/30,62.12
EWU,2022/03/30,33.95
EWY,2022/03/30,71.55
EWZ,2022/03/30,37.74
FB,2022/03/30,227.85
FTV,2022/03/30,62.13
GOOG,2022/03/30,2852.89
GPC,2022/03/30,128.83
GSG,2022/03/30,23.42
HIG,2022/03/30,73.52
HIGH.L,2022/03/30,5.302
HST,2022/03/30,19.93
HYG,2022/03/30,82.59
IAU,2022/03/30,36.76
ICLN,2022/03/30,21.39
IEAA.L,2022/03/30,5.042
IEF,2022/03/30,107.27
IEFM.L,2022/03/30,779.25
IEMG,2022/03/30,56.4
IEUS,2022/03/30,62.12
IEVL.L,2022/03/30,7.317
IGF,2022/03/30,50.95
INDA,2022/03/30,44.87
IUMO.L,2022/03/30,11.77
IUVL.L,2022/03/30,9.32
IVV,2022/03/30,460.79
IWM,2022/03/30,207.46
IXN,2022/03/30,58.86
JPEA.L,2022/03/30,5.397
JPM,2022/03/30,140.54
KR,2022/03/30,56.37
LQD,2022/03/30,121.22
MCHI,2022/03/30,54.84
MVEU.L,2022/03/30,53.75
OGN,2022/03/30,35.81
PG,2022/03/30,154.39
PPL,2022/03/30,28.7
PRU,2022/03/30,120.3
PYPL,2022/03/30,118.49
RE,2022/03/30,304.72
REET,2022/03/30,29.6
ROL,2022/03/30,35.44
ROST,2022/03/30,92.61
SEGA.L,2022/03/30,103.99
SHY,2022/03/30,83.35
SLV,2022/03/30,22.94
SPMV.L,2022/03/30,82.5
TLT,2022/03/30,131.76
UNH,2022/03/30,520.82
URI,2022/03/30,359.19
V,2022/03/30,223.95
VRSK,2022/03/30,216.97
VXX,2022/03/30,25
WRK,2022/03/30,47.34
XLB,2022/03/30,89.34
XLC,2022/03/30,70.11
XLE,2022/03/30,77.49
XLF,2022/03/30,39.22
XLI,2022/03/30,104.59
XLK,2022/03/30,161.32
XLP,2022/03/30,76.07
XLU,2022/03/30,74.54
XLV,2022/03/30,138.34
XLY,2022/03/30,188.62
XOM,2022/03/30,83.78
ABBV,2022/03/31,162.11
ACN,2022/03/31,337.23
AEP,2022/03/31,99.77
AIZ,2022/03/31,181.83
ALLE,2022/03/31,109.78
AMAT,2022/03/31,131.8
AMP,2022/03/31,300.36
AMZN,2022/03/31,3259.95
AVB,2022/03/31,248.37
AVY,2022/03/31,173.97
AXP,2022/03/31,187
BDX,2022/03/31,259.512
BF-B,2022/03/31,67.02
BMY,2022/03/31,73.03
BR,2022/03/31,155.71
CARR,2022/03/31,45.87
CDW,2022/03/31,178.89
CE,2022/03/31,142.87
CHTR,2022/03/31,545.52
CNC,2022/03/31,84.19
CNP,2022/03/31,30.64
COP,2022/03/31,100
CTAS,2022/03/31,425.39
CZR,2022/03/31,77.36
DG,2022/03/31,222.63
DPZ,2022/03/31,407.01
DRE,2022/03/31,58.06
DXC,2022/03/31,32.63
EWA,2022/03/31,26.43
EWC,2022/03/31,40.21
EWG,2022/03/31,28.39
EWH,2022/03/31,22.57
EWJ,2022/03/31,61.61
EWL,2022/03/31,49.1
EWQ,2022/03/31,35.33
EWT,2022/03/31,61.45
EWU,2022/03/31,33.64
EWY,2022/03/31,71.23
EWZ,2022/03/31,37.81
FB,2022/03/31,222.36
FTV,2022/03/31,60.93
GOOG,2022/03/31,2792.99
GPC,2022/03/31,126.02
GSG,2022/03/31,22.65
HIG,2022/03/31,71.81
HIGH.L,2022/03/31,5.301
HST,2022/03/31,19.43
HYG,2022/03/31,82.29
IAU,2022/03/31,36.83
ICLN,2022/03/31,21.52
IEAA.L,2022/03/31,5.069
IEF,2022/03/31,107.47
IEFM.L,2022/03/31,771.7
IEMG,2022/03/31,55.55
IEUS,2022/03/31,61.03
IEVL.L,2022/03/31,7.225
IGF,2022/03/31,50.86
INDA,2022/03/31,44.57
IUMO.L,2022/03/31,11.742
IUVL.L,2022/03/31,9.205
IVV,2022/03/31,453.69
IWM,2022/03/31,205.27
IXN,2022/03/31,58.01
JPEA.L,2022/03/31,5.395
JPM,2022/03/31,136.32
KR,2022/03/31,57.37
LQD,2022/03/31,120.94
MCHI,2022/03/31,52.89
MVEU.L,2022/03/31,53.36
OGN,2022/03/31,34.93
PG,2022/03/31,152.8
PPL,2022/03/31,28.56
PRU,2022/03/31,118.17
PYPL,2022/03/31,115.65
RE,2022/03/31,301.38
REET,2022/03/31,29.21
ROL,2022/03/31,35.05
ROST,2022/03/31,90.46
SEGA.L,2022/03/31,104.333
SHY,2022/03/31,83.35
SLV,2022/03/31,22.88
SPMV.L,2022/03/31,82.48
TLT,2022/03/31,132.08
UNH,2022/03/31,509.97
URI,2022/03/31,355.21
V,2022/03/31,221.77
VRSK,2022/03/31,214.63
VXX,2022/03/31,25.7
WRK,2022/03/31,47.03
XLB,2022/03/31,88.15
XLC,2022/03/31,68.78
XLE,2022/03/31,76.44
XLF,2022/03/31,38.32
XLI,2022/03/31,102.98
XLK,2022/03/31,158.93
XLP,2022/03/31,75.89
XLU,2022/03/31,74.46
XLV,2022/03/31,136.99
XLY,2022/03/31,185
XOM,2022/03/31,82.59
ABBV,2022/04/01,162.68
ACN,2022/04/01,340.64
AEP,2022/04/01,101.51
AIZ,2022/04/01,185.42
ALLE,2022/04/01,111.52
AMAT,2022/04/01,127.41
AMP,2022/04/01,297.41
AMZN,2022/04/01,3271.2
AVB,2022/04/01,254.44
AVY,2022/04/01,175.04
AXP,2022/04/01,187.17
BDX,2022/04/01,262.5
BF-B,2022/04/01,67.85
BMY,2022/04/01,73.82
BR,2022/04/01,156.31
CARR,2022/04/01,46.04
CDW,2022/04/01,177.8
CE,2022/04/01,143.68
CHTR,2022/04/01,561.68
CNC,2022/04/01,85.51
CNP,2022/04/01,31.15
COP,2022/04/01,100.58
CTAS,2022/04/01,423.88
CZR,2022/04/01,76.65
DG,2022/04/01,226.3
DPZ,2022/04/01,397.18
DRE,2022/04/01,59.23
DXC,2022/04/01,31.35
EWA,2022/04/01,26.69
EWC,2022/04/01,40.22
EWG,2022/04/01,28.61
EWH,2022/04/01,22.92
EWJ,2022/04/01,61.93
EWL,2022/04/01,49.51
EWQ,2022/04/01,35.64
EWT,2022/04/01,61.49
EWU,2022/04/01,33.93
EWY,2022/04/01,71.02
EWZ,2022/04/01,39.14
FB,2022/04/01,224.85
FTV,2022/04/01,60.63
GOOG,2022/04/01,2814
GPC,2022/04/01,125.93
GSG,2022/04/01,22.61
HIG,2022/04/01,72.54
HIGH.L,2022/04/01,5.303
HST,2022/04/01,19.55
HYG,2022/04/01,81.95
IAU,2022/04/01,36.54
ICLN,2022/04/01,21.64
IEAA.L,2022/04/01,5.065
IEF,2022/04/01,106.65
IEFM.L,2022/04/01,770.75
IEMG,2022/04/01,56.47
IEUS,2022/04/01,61.53
IEVL.L,2022/04/01,7.272
IGF,2022/04/01,51.31
INDA,2022/04/01,45.41
IUMO.L,2022/04/01,11.562
IUVL.L,2022/04/01,9.04
IVV,2022/04/01,454.79
IWM,2022/04/01,207.57
IXN,2022/04/01,57.76
JPEA.L,2022/04/01,5.394
JPM,2022/04/01,135.31
KR,2022/04/01,57.48
LQD,2022/04/01,121.09
MCHI,2022/04/01,54.75
MVEU.L,2022/04/01,53.59
OGN,2022/04/01,35.15
PG,2022/04/01,155.09
PPL,2022/04/01,29.02
PRU,2022/04/01,118.4
PYPL,2022/04/01,116.67
RE,2022/04/01,307.1
REET,2022/04/01,29.7
ROL,2022/04/01,34.81
ROST,2022/04/01,90.61
SEGA.L,2022/04/01,103.68
SHY,2022/04/01,83.14
SLV,2022/04/01,22.74
SPMV.L,2022/04/01,81.75
TLT,2022/04/01,132.38
UNH,2022/04/01,512.59
URI,2022/04/01,354
V,2022/04/01,226.36
VRSK,2022/04/01,214.12
VXX,2022/04/01,25.03
WRK,2022/04/01,47.19
XLB,2022/04/01,89.08
XLC,2022/04/01,69.29
XLE,2022/04/01,77.06
XLF,2022/04/01,38.22
XLI,2022/04/01,102.18
XLK,2022/04/01,158.46
XLP,2022/04/01,76.65
XLU,2022/04/01,75.5
XLV,2022/04/01,138.07
XLY,2022/04/01,185.23
XOM,2022/04/01,83.12
